Prelab-result1,Inlab-result1,Prelab-result2,Inlab-result2,Prelab-result3,Inlab-result3,labFinalScore,Prelab-result4,Inlab-result4
9.875,6.895,10.0,10.0,10.0,10.0,2,9.958333333333334,8.965
10.0,9.8875,10.0,10.0,10.0,10.0,3,10.0,9.9625
9.5,8.25,10.0,10.0,10.0,10.0,2,9.833333333333334,9.416666666666666
9.6875,9.1225,10.0,10.0,10.0,10.0,4,9.895833333333334,9.707500000000001
10.0,10.0,10.0,10.0,10.0,10.0,2,10.0,10.0
10.0,10.0,10.0,10.0,10.0,10.0,2,10.0,10.0
10.0,10.0,10.0,10.0,10.0,10.0,2,10.0,10.0
8.75,3.5,0.0,0.0,0.0,0.0,0,2.9166666666666665,1.1666666666666667
9.8125,9.1825,9.6,10.0,10.0,10.0,1,9.804166666666667,9.7275
10.0,9.66,10.0,10.0,10.0,10.0,1,10.0,9.886666666666667
10.0,9.9175,10.0,10.0,9.93,10.0,2,9.976666666666667,9.9725
8.9375,9.4625,10.0,10.0,10.0,10.0,0,9.645833333333334,9.820833333333333
9.625,10.0,9.95,10.0,10.0,10.0,4,9.858333333333333,10.0
9.2325,9.3175,10.0,10.0,10.0,10.0,2,9.744166666666667,9.7725
9.5,6.35,9.95,9.1175,9.67,10.0,0,9.706666666666665,8.489166666666668
9.166666666666666,9.66,10.0,10.0,6.67,10.0,4,8.612222222222222,9.886666666666667
10.0,10.0,10.0,10.0,10.0,10.0,2,10.0,10.0
9.125,10.0,9.1675,10.0,9.285,10.0,0,9.1925,10.0
9.25,10.0,8.89,10.0,0.0,10.0,2,6.046666666666667,10.0
10.0,10.0,10.0,10.0,10.0,10.0,4,10.0,10.0
9.25,10.0,9.1675,10.0,10.0,10.0,2,9.4725,10.0
8.875,9.1675,8.335,0.0,8.645,10.0,0,8.618333333333334,6.389166666666667
9.925,7.5,10.0,10.0,10.0,10.0,2,9.975,9.166666666666666
6.375,7.855,10.0,10.0,8.57,0.0,0,8.315,5.951666666666667
10.0,10.0,10.0,10.0,10.0,10.0,3,10.0,10.0
8.92,9.47,10.0,9.95,10.0,10.0,2,9.64,9.806666666666667
9.25,10.0,10.0,10.0,10.0,5.125,2,9.75,8.375
9.3125,10.0,10.0,10.0,10.0,10.0,2,9.770833333333334,10.0
9.75,9.66,10.0,0.0,10.0,10.0,2,9.916666666666666,6.553333333333334
10.0,10.0,9.1675,10.0,10.0,10.0,0,9.7225,10.0
10.0,10.0,10.0,10.0,10.0,10.0,2,10.0,10.0
9.4375,4.6325,10.0,10.0,10.0,10.0,2,9.8125,8.210833333333333
9.875,9.3175,9.65,8.75,0.0,10.0,0,6.508333333333333,9.355833333333335
8.89,8.75,10.0,10.0,10.0,10.0,1,9.63,9.583333333333334
7.5,9.7725,10.0,10.0,10.0,10.0,4,9.166666666666666,9.924166666666666
10.0,10.0,10.0,10.0,10.0,10.0,0,10.0,10.0
9.875,6.0675,8.2,5.733333333333333,9.285,10.0,0,9.12,7.266944444444444
10.0,8.75,10.0,10.0,10.0,10.0,1,10.0,9.583333333333334
9.625,9.1825,10.0,10.0,0.0,0.0,0,6.541666666666667,6.394166666666666
10.0,10.0,10.0,10.0,10.0,10.0,2,10.0,10.0
6.3125,4.25,9.55,10.0,9.57,10.0,0,8.477500000000001,8.083333333333334
4.75,0.0,10.0,10.0,10.0,10.0,0,8.25,6.666666666666667
9.875,10.0,10.0,10.0,10.0,10.0,2,9.958333333333334,10.0
10.0,9.0075,10.0,10.0,10.0,10.0,0,10.0,9.669166666666667
9.375,8.91,10.0,10.0,10.0,10.0,4,9.791666666666666,9.636666666666667
8.0,8.932500000000001,10.0,10.0,9.5,8.75,4,9.166666666666666,9.227500000000001
9.875,9.4325,9.5,10.0,10.0,10.0,4,9.791666666666666,9.810833333333333
9.5975,6.0675,10.0,10.0,10.0,9.75,4,9.865833333333333,8.605833333333333
9.875,10.0,10.0,10.0,10.0,10.0,4,9.958333333333334,10.0
9.875,10.0,10.0,10.0,10.0,10.0,3,9.958333333333334,10.0
9.75,8.5,10.0,10.0,10.0,10.0,0,9.916666666666666,9.5
3.8333333333333335,5.0,10.0,10.0,0.0,9.875,4,4.611111111111112,8.291666666666666
10.0,9.415,9.9,10.0,10.0,10.0,4,9.966666666666667,9.805
8.0,10.0,10.0,10.0,10.0,10.0,4,9.333333333333334,10.0
10.0,10.0,10.0,10.0,10.0,10.0,2,10.0,10.0
10.0,10.0,10.0,10.0,10.0,10.0,4,10.0,10.0
10.0,10.0,10.0,10.0,10.0,10.0,4,10.0,10.0
9.375,10.0,10.0,10.0,10.0,10.0,2,9.791666666666666,10.0
10.0,10.0,10.0,10.0,10.0,10.0,4,10.0,10.0
10.0,10.0,10.0,10.0,10.0,10.0,4,10.0,10.0
10.0,10.0,10.0,10.0,10.0,10.0,4,10.0,10.0
10.0,10.0,10.0,10.0,10.0,10.0,2,10.0,10.0
8.875,2.9175,9.85,10.0,10.0,10.0,4,9.575000000000001,7.639166666666667
8.69,8.1675,10.0,10.0,10.0,10.0,4,9.563333333333333,9.389166666666666
9.875,10.0,10.0,10.0,10.0,10.0,4,9.958333333333334,10.0
8.782499999999999,8.78,9.6,9.6675,8.145,10.0,1,8.8425,9.4825
6.295,8.645,8.7175,9.95,0.0,10.0,0,5.004166666666666,9.531666666666666
9.75,9.9175,9.85,10.0,10.0,10.0,0,9.866666666666667,9.9725
10.0,10.0,10.0,10.0,10.0,10.0,2,10.0,10.0
8.59,8.295,8.7175,9.6675,10.0,10.0,0,9.1025,9.320833333333333
10.0,9.7725,10.0,10.0,10.0,10.0,4,10.0,9.924166666666666
10.0,10.0,10.0,10.0,10.0,10.0,2,10.0,10.0
10.0,9.7725,10.0,10.0,10.0,10.0,0,10.0,9.924166666666666
0.0,0.6666666666666666,0.0,10.0,0.0,0.0,0,0.0,3.5555555555555554
9.875,10.0,10.0,10.0,10.0,10.0,0,9.958333333333334,10.0
10.0,10.0,10.0,10.0,10.0,10.0,3,10.0,10.0
9.875,10.0,6.67,10.0,10.0,10.0,2,8.848333333333334,10.0
9.875,10.0,10.0,10.0,10.0,10.0,2,9.958333333333334,10.0
10.0,9.66,10.0,10.0,10.0,10.0,1,10.0,9.886666666666667
10.0,9.7725,10.0,10.0,10.0,10.0,1,10.0,9.924166666666666
10.0,10.0,10.0,10.0,10.0,10.0,2,10.0,10.0
10.0,10.0,10.0,10.0,9.285,8.125,0,9.761666666666667,9.375
9.75,9.7725,9.95,10.0,10.0,9.94,0,9.9,9.904166666666667
8.9175,5.75,10.0,10.0,10.0,10.0,4,9.639166666666666,8.583333333333334
9.75,8.4625,9.1675,10.0,9.835,10.0,2,9.584166666666667,9.487499999999999
10.0,1.82,10.0,10.0,10.0,10.0,2,10.0,7.273333333333333
9.75,9.9175,10.0,10.0,9.855,10.0,0,9.868333333333334,9.9725
10.0,10.0,10.0,10.0,10.0,10.0,4,10.0,10.0
9.1875,0.0,8.25,0.0,10.0,0.0,2,9.145833333333334,0.0
10.0,10.0,10.0,10.0,10.0,10.0,2,10.0,10.0
10.0,10.0,10.0,10.0,10.0,10.0,0,10.0,10.0
10.0,10.0,10.0,10.0,10.0,10.0,4,10.0,10.0
9.375,9.8875,10.0,10.0,10.0,10.0,1,9.791666666666666,9.9625
10.0,7.5,10.0,10.0,10.0,9.94,2,10.0,9.146666666666667
9.5,10.0,10.0,10.0,0.0,0.0,2,6.5,6.666666666666667
9.5,7.8066666666666675,8.8675,10.0,0.0,0.0,1,6.1225,5.935555555555556
0.75,0.0,9.55,9.6675,9.285,8.875,4,6.528333333333333,6.180833333333333
9.875,8.636666666666667,10.0,10.0,0.0,0.0,0,6.625,6.2122222222222225
9.875,10.0,10.0,10.0,10.0,10.0,2,9.958333333333334,10.0
7.395,5.223333333333334,8.75,7.9175,10.0,5.0,0,8.715,6.046944444444445
10.0,10.0,10.0,10.0,10.0,10.0,2,10.0,10.0
10.0,10.0,10.0,10.0,10.0,10.0,2,10.0,10.0
10.0,10.0,10.0,10.0,10.0,10.0,4,10.0,10.0
1.055,3.4433333333333334,0.0,0.0,0.0,2.75,0,0.3516666666666666,2.0644444444444443
9.375,7.586666666666666,10.0,10.0,10.0,10.0,1,9.791666666666666,9.195555555555556
10.0,9.5775,9.7,10.0,10.0,10.0,0,9.9,9.859166666666667
10.0,10.0,10.0,10.0,10.0,10.0,4,10.0,10.0
9.6875,8.62,9.466666666666669,10.0,10.0,10.0,1,9.718055555555557,9.54
8.1,9.5,9.75,10.0,10.0,10.0,4,9.283333333333333,9.833333333333334
8.4925,6.696666666666666,10.0,10.0,10.0,10.0,2,9.4975,8.898888888888889
10.0,10.0,10.0,10.0,10.0,10.0,3,10.0,10.0
0.0,0.0,10.0,10.0,10.0,10.0,2,6.666666666666667,6.666666666666667
9.875,1.82,8.8675,10.0,0.0,0.0,0,6.2475,3.94
9.875,10.0,10.0,10.0,10.0,10.0,4,9.958333333333334,10.0
9.75,7.112500000000001,9.1675,10.0,10.0,10.0,3,9.639166666666666,9.0375
9.875,10.0,10.0,10.0,10.0,10.0,0,9.958333333333334,10.0
10.0,9.9175,10.0,0.0,0.0,0.0,0,6.666666666666667,3.3058333333333336
9.47,0.0,0.0,10.0,10.0,10.0,1,6.489999999999999,6.666666666666667
9.875,10.0,10.0,10.0,10.0,10.0,3,9.958333333333334,10.0
8.166666666666666,0.0,0.0,0.0,0.0,0.0,0,2.722222222222222,0.0
9.875,5.565,6.0825,9.1675,8.855,5.75,0,8.270833333333334,6.827500000000001
10.0,10.0,10.0,10.0,10.0,10.0,0,10.0,10.0
10.0,10.0,10.0,10.0,0.0,0.0,4,6.666666666666667,6.666666666666667
9.3125,9.545,10.0,10.0,10.0,10.0,0,9.770833333333334,9.848333333333334
0.625,0.0,9.1675,10.0,10.0,9.375,2,6.5975,6.458333333333333
10.0,10.0,10.0,10.0,10.0,10.0,4,10.0,10.0
10.0,10.0,10.0,10.0,10.0,10.0,2,10.0,10.0
9.75,8.182500000000001,7.443333333333332,9.5,0.0,0.0,2,5.731111111111111,5.894166666666667
10.0,10.0,10.0,10.0,10.0,10.0,4,10.0,10.0
9.1875,8.555,10.0,10.0,10.0,10.0,0,9.729166666666666,9.518333333333333
9.0625,9.69,0.0,0.0,10.0,9.75,0,6.354166666666667,6.4799999999999995
9.145,5.96,10.0,0.0,10.0,10.0,0,9.715,5.32
9.875,10.0,10.0,10.0,10.0,10.0,3,9.958333333333334,10.0
9.875,7.955,9.55,0.0,9.43,10.0,0,9.618333333333334,5.984999999999999
9.5,10.0,10.0,10.0,10.0,10.0,1,9.833333333333334,10.0
10.0,10.0,10.0,10.0,10.0,10.0,2,10.0,10.0
9.875,9.9175,10.0,10.0,10.0,10.0,2,9.958333333333334,9.9725
9.875,10.0,10.0,10.0,10.0,10.0,0,9.958333333333334,10.0
10.0,10.0,10.0,10.0,10.0,10.0,2,10.0,10.0
10.0,10.0,10.0,10.0,10.0,10.0,3,10.0,10.0
10.0,10.0,10.0,10.0,10.0,10.0,3,10.0,10.0
9.75,10.0,10.0,10.0,10.0,10.0,2,9.916666666666666,10.0
10.0,10.0,10.0,10.0,10.0,10.0,3,10.0,10.0
10.0,9.5825,10.0,10.0,10.0,10.0,2,10.0,9.860833333333334
6.39,8.645,6.67,0.0,10.0,10.0,0,7.6866666666666665,6.215
9.875,7.479999999999999,9.7,10.0,9.93,10.0,2,9.834999999999999,9.159999999999998
10.0,10.0,10.0,10.0,10.0,10.0,4,10.0,10.0
10.0,10.0,10.0,10.0,10.0,10.0,4,10.0,10.0
9.875,7.5,9.6,10.0,8.145,10.0,0,9.206666666666667,9.166666666666666
10.0,10.0,10.0,10.0,10.0,10.0,2,10.0,10.0
10.0,10.0,10.0,10.0,10.0,10.0,2,10.0,10.0
10.0,10.0,10.0,10.0,10.0,10.0,2,10.0,10.0
9.375,10.0,10.0,10.0,10.0,10.0,2,9.791666666666666,10.0
5.1675,6.666666666666667,8.8675,10.0,0.0,0.0,0,4.678333333333334,5.555555555555556
10.0,10.0,10.0,10.0,10.0,10.0,4,10.0,10.0
10.0,10.0,10.0,10.0,10.0,10.0,2,10.0,10.0
9.875,9.5775,9.6,10.0,10.0,10.0,2,9.825000000000001,9.859166666666667
10.0,10.0,10.0,10.0,10.0,10.0,0,10.0,10.0
10.0,9.1225,10.0,10.0,10.0,10.0,0,10.0,9.707500000000001
9.5,9.323333333333332,10.0,10.0,10.0,10.0,2,9.833333333333334,9.774444444444443
9.9375,10.0,10.0,10.0,10.0,10.0,3,9.979166666666666,10.0
9.875,10.0,10.0,10.0,10.0,10.0,3,9.958333333333334,10.0
9.875,10.0,10.0,10.0,10.0,10.0,4,9.958333333333334,10.0
8.875,5.8725000000000005,9.8,10.0,9.285,10.0,0,9.32,8.624166666666667
10.0,10.0,10.0,10.0,10.0,10.0,2,10.0,10.0
10.0,10.0,10.0,10.0,10.0,10.0,2,10.0,10.0
9.875,9.8875,10.0,10.0,10.0,10.0,2,9.958333333333334,9.9625
10.0,10.0,10.0,10.0,10.0,10.0,2,10.0,10.0
9.75,8.695,9.95,10.0,10.0,10.0,0,9.9,9.565
9.75,8.695,9.95,10.0,10.0,10.0,0,9.9,9.565
9.75,8.695,9.95,10.0,10.0,10.0,0,9.9,9.565
9.75,8.695,9.95,10.0,10.0,10.0,0,9.9,9.565
9.75,8.695,9.95,10.0,10.0,10.0,0,9.9,9.565
9.75,8.695,9.95,10.0,10.0,10.0,0,9.9,9.565
9.75,8.695,9.95,10.0,10.0,10.0,0,9.9,9.565
9.75,8.695,9.95,10.0,10.0,10.0,0,9.9,9.565
9.75,8.695,9.95,10.0,10.0,10.0,0,9.9,9.565
9.75,8.695,9.95,10.0,10.0,10.0,0,9.9,9.565
9.75,8.695,9.95,10.0,10.0,10.0,0,9.9,9.565
9.75,8.695,9.95,10.0,10.0,10.0,0,9.9,9.565
9.75,8.695,9.95,10.0,10.0,10.0,0,9.9,9.565
9.75,8.695,9.95,10.0,10.0,10.0,0,9.9,9.565
9.75,8.695,9.95,10.0,10.0,10.0,0,9.9,9.565
9.75,8.695,9.95,10.0,10.0,10.0,0,9.9,9.565
10.0,9.1225,10.0,10.0,10.0,10.0,0,10.0,9.707500000000001
9.75,9.8875,10.0,10.0,10.0,10.0,0,9.916666666666666,9.9625
9.375,8.75,8.6675,9.9,10.0,10.0,0,9.3475,9.549999999999999
9.875,8.795,10.0,10.0,10.0,10.0,0,9.958333333333334,9.598333333333334
6.545,9.5,10.0,10.0,10.0,10.0,4,8.848333333333334,9.833333333333334
9.875,9.545,9.6,10.0,9.93,10.0,2,9.801666666666668,9.848333333333334
10.0,10.0,10.0,10.0,10.0,10.0,2,10.0,10.0
10.0,10.0,10.0,10.0,10.0,10.0,2,10.0,10.0
8.8125,10.0,10.0,10.0,10.0,10.0,4,9.604166666666666,10.0
10.0,8.75,10.0,10.0,10.0,10.0,4,10.0,9.583333333333334
10.0,10.0,8.89,10.0,0.0,10.0,2,6.296666666666667,10.0
10.0,10.0,10.0,10.0,0.0,10.0,4,6.666666666666667,10.0
9.875,9.9175,10.0,10.0,10.0,10.0,2,9.958333333333334,9.9725
10.0,10.0,9.1675,10.0,10.0,10.0,4,9.7225,10.0
9.8125,10.0,10.0,10.0,10.0,10.0,2,9.9375,10.0
10.0,9.9175,10.0,10.0,10.0,10.0,2,10.0,9.9725
8.52,9.133333333333333,8.933333333333334,9.933333333333334,9.285,8.5,1,8.912777777777778,9.188888888888888
10.0,9.69,10.0,10.0,10.0,10.0,4,10.0,9.896666666666667
9.3125,10.0,10.0,10.0,10.0,10.0,4,9.770833333333334,10.0
9.875,9.4625,10.0,10.0,10.0,10.0,0,9.958333333333334,9.820833333333333
10.0,6.666666666666667,9.55,10.0,9.285,10.0,0,9.611666666666666,8.88888888888889
9.925,8.955,10.0,9.8325,9.93,10.0,2,9.951666666666666,9.595833333333333
10.0,10.0,9.1675,10.0,10.0,10.0,4,9.7225,10.0
9.875,10.0,10.0,10.0,10.0,10.0,2,9.958333333333334,10.0
10.0,6.0,10.0,10.0,10.0,10.0,2,10.0,8.666666666666666
10.0,10.0,10.0,10.0,10.0,10.0,2,10.0,10.0
9.6875,10.0,10.0,10.0,10.0,10.0,0,9.895833333333334,10.0
10.0,10.0,10.0,10.0,10.0,10.0,3,10.0,10.0
10.0,10.0,10.0,10.0,10.0,10.0,2,10.0,10.0
9.875,9.9175,10.0,10.0,10.0,10.0,2,9.958333333333334,9.9725
9.375,9.545,10.0,9.666666666666666,10.0,10.0,2,9.791666666666666,9.737222222222222
3.703333333333333,9.4625,9.55,10.0,10.0,10.0,0,7.751111111111111,9.820833333333333
9.4375,10.0,10.0,10.0,10.0,10.0,4,9.8125,10.0
8.1475,10.0,9.75,10.0,10.0,10.0,2,9.299166666666666,10.0
9.875,6.59,10.0,10.0,10.0,10.0,2,9.958333333333334,8.863333333333333
10.0,10.0,10.0,10.0,10.0,10.0,2,10.0,10.0
9.875,9.8875,10.0,10.0,9.93,10.0,2,9.935,9.9625
10.0,10.0,10.0,10.0,10.0,10.0,4,10.0,10.0
9.875,7.984999999999999,10.0,10.0,10.0,10.0,2,9.958333333333334,9.328333333333333
6.06,0.0,9.85,10.0,10.0,10.0,0,8.636666666666667,6.666666666666667
8.067499999999999,3.79,6.665,8.4175,9.785,9.5,0,8.1725,7.235833333333333
10.0,10.0,10.0,10.0,10.0,10.0,4,10.0,10.0
9.5,10.0,10.0,10.0,10.0,10.0,2,9.833333333333334,10.0
7.916666666666667,9.9175,10.0,10.0,9.57,10.0,0,9.162222222222223,9.9725
10.0,10.0,10.0,10.0,10.0,10.0,4,10.0,10.0
10.0,9.3175,10.0,10.0,10.0,10.0,0,10.0,9.7725
9.75,9.4325,10.0,10.0,10.0,10.0,4,9.916666666666666,9.810833333333333
9.875,10.0,10.0,10.0,10.0,10.0,0,9.958333333333334,10.0
0.0,2.5,10.0,10.0,10.0,10.0,0,6.666666666666667,7.5
9.42,8.265,9.85,10.0,10.0,10.0,1,9.756666666666666,9.421666666666667
9.42,8.265,9.85,10.0,10.0,10.0,1,9.756666666666666,9.421666666666667
9.42,8.265,9.85,10.0,10.0,10.0,1,9.756666666666666,9.421666666666667
9.42,8.265,9.85,10.0,10.0,10.0,1,9.756666666666666,9.421666666666667
9.42,8.265,9.85,10.0,10.0,10.0,1,9.756666666666666,9.421666666666667
9.42,8.265,9.85,10.0,10.0,10.0,1,9.756666666666666,9.421666666666667
9.42,8.265,9.85,10.0,10.0,10.0,1,9.756666666666666,9.421666666666667
9.42,8.265,9.85,10.0,10.0,10.0,1,9.756666666666666,9.421666666666667
9.42,8.265,9.85,10.0,10.0,10.0,1,9.756666666666666,9.421666666666667
9.42,8.265,9.85,10.0,10.0,10.0,1,9.756666666666666,9.421666666666667
9.42,8.265,9.85,10.0,10.0,10.0,1,9.756666666666666,9.421666666666667
9.42,8.265,9.85,10.0,10.0,10.0,1,9.756666666666666,9.421666666666667
9.42,8.265,9.85,10.0,10.0,10.0,1,9.756666666666666,9.421666666666667
9.42,8.265,9.85,10.0,10.0,10.0,1,9.756666666666666,9.421666666666667
9.42,8.265,9.85,10.0,10.0,10.0,1,9.756666666666666,9.421666666666667
9.42,8.265,9.85,10.0,10.0,10.0,1,9.756666666666666,9.421666666666667
9.875,10.0,10.0,10.0,10.0,10.0,4,9.958333333333334,10.0
9.75,9.9175,10.0,10.0,10.0,10.0,2,9.916666666666666,9.9725
9.875,10.0,10.0,10.0,10.0,10.0,2,9.958333333333334,10.0
9.875,10.0,10.0,10.0,10.0,10.0,0,9.958333333333334,10.0
10.0,8.75,10.0,10.0,10.0,10.0,4,10.0,9.583333333333334
10.0,9.72,10.0,10.0,10.0,10.0,2,10.0,9.906666666666666
9.875,8.182500000000001,10.0,10.0,10.0,10.0,2,9.958333333333334,9.394166666666667
9.5625,9.1675,10.0,10.0,10.0,10.0,4,9.854166666666666,9.7225
10.0,10.0,10.0,10.0,10.0,10.0,2,10.0,10.0
8.875,10.0,8.89,10.0,0.0,9.94,2,5.921666666666667,9.979999999999999
10.0,8.75,10.0,10.0,10.0,10.0,2,10.0,9.583333333333334
9.295,9.8325,9.9,10.0,10.0,10.0,0,9.731666666666667,9.944166666666666
9.3125,5.0,7.3825,5.6175,6.904999999999999,9.375,0,7.866666666666667,6.664166666666667
10.0,10.0,10.0,10.0,10.0,10.0,4,10.0,10.0
9.2425,10.0,9.65,10.0,10.0,10.0,2,9.630833333333333,10.0
9.0625,1.7766666666666666,10.0,10.0,10.0,10.0,0,9.6875,7.258888888888889
9.75,9.205,10.0,10.0,10.0,10.0,2,9.916666666666666,9.735
9.8125,9.69,10.0,10.0,10.0,10.0,0,9.9375,9.896666666666667
10.0,10.0,10.0,10.0,10.0,9.815,2,10.0,9.938333333333333
10.0,9.66,10.0,10.0,10.0,10.0,1,10.0,9.886666666666667
9.625,10.0,10.0,10.0,10.0,10.0,2,9.875,10.0
9.625,10.0,10.0,10.0,10.0,10.0,1,9.875,10.0
10.0,6.890000000000001,10.0,10.0,10.0,10.0,0,10.0,8.963333333333333
8.68,8.085,9.55,10.0,10.0,10.0,0,9.41,9.361666666666666
9.875,10.0,10.0,10.0,10.0,10.0,2,9.958333333333334,10.0
10.0,10.0,10.0,10.0,10.0,10.0,0,10.0,10.0
9.1875,9.75,10.0,10.0,10.0,10.0,2,9.729166666666666,9.916666666666666
10.0,8.0825,10.0,10.0,10.0,10.0,2,10.0,9.360833333333334
10.0,3.776666666666667,10.0,9.1675,10.0,10.0,2,10.0,7.648055555555556
10.0,0.0,9.95,10.0,10.0,10.0,0,9.983333333333333,6.666666666666667
9.3475,9.4175,9.6,9.6675,9.645,10.0,2,9.530833333333332,9.695
10.0,10.0,10.0,10.0,10.0,10.0,2,10.0,10.0
10.0,9.665,9.9,10.0,10.0,10.0,1,9.966666666666667,9.888333333333334
10.0,10.0,10.0,10.0,10.0,10.0,1,10.0,10.0
10.0,10.0,10.0,10.0,10.0,10.0,0,10.0,10.0
9.0,3.333333333333333,9.6,10.0,10.0,10.0,2,9.533333333333333,7.777777777777778
9.875,6.904999999999999,9.9,10.0,10.0,10.0,2,9.924999999999999,8.968333333333334
9.8125,10.0,10.0,10.0,10.0,10.0,0,9.9375,10.0
3.625,4.6075,9.55,9.1175,9.285,10.0,1,7.486666666666667,7.908333333333334
10.0,9.8875,10.0,10.0,10.0,10.0,1,10.0,9.9625
7.4925,9.4175,10.0,10.0,10.0,10.0,2,9.164166666666667,9.805833333333334
9.4375,5.11,10.0,10.0,10.0,10.0,2,9.8125,8.37
10.0,10.0,10.0,10.0,10.0,10.0,0,10.0,10.0
7.875,8.16,10.0,10.0,10.0,10.0,2,9.291666666666666,9.386666666666667
0.0,9.09,10.0,10.0,10.0,10.0,0,6.666666666666667,9.696666666666667
9.8125,6.220000000000001,8.25,10.0,10.0,10.0,1,9.354166666666666,8.74
0.75,0.0,0.0,0.0,0.0,0.0,1,0.25,0.0
9.125,8.932500000000001,9.85,10.0,10.0,0.0,3,9.658333333333333,6.310833333333334
10.0,5.59,10.0,10.0,10.0,10.0,3,10.0,8.53
8.875,9.66,9.9,10.0,10.0,10.0,2,9.591666666666667,9.886666666666667
10.0,6.672499999999999,10.0,10.0,10.0,10.0,2,10.0,8.890833333333333
10.0,6.672499999999999,10.0,10.0,10.0,10.0,2,10.0,8.890833333333333
10.0,6.672499999999999,10.0,10.0,10.0,10.0,2,10.0,8.890833333333333
10.0,6.672499999999999,10.0,10.0,10.0,10.0,2,10.0,8.890833333333333
10.0,6.672499999999999,10.0,10.0,10.0,10.0,2,10.0,8.890833333333333
10.0,6.672499999999999,10.0,10.0,10.0,10.0,2,10.0,8.890833333333333
10.0,6.672499999999999,10.0,10.0,10.0,10.0,2,10.0,8.890833333333333
10.0,6.672499999999999,10.0,10.0,10.0,10.0,2,10.0,8.890833333333333
10.0,6.672499999999999,10.0,10.0,10.0,10.0,2,10.0,8.890833333333333
10.0,6.672499999999999,10.0,10.0,10.0,10.0,2,10.0,8.890833333333333
10.0,6.672499999999999,10.0,10.0,10.0,10.0,2,10.0,8.890833333333333
10.0,6.672499999999999,10.0,10.0,10.0,10.0,2,10.0,8.890833333333333
10.0,6.672499999999999,10.0,10.0,10.0,10.0,2,10.0,8.890833333333333
10.0,6.672499999999999,10.0,10.0,10.0,10.0,2,10.0,8.890833333333333
10.0,6.672499999999999,10.0,10.0,10.0,10.0,2,10.0,8.890833333333333
10.0,6.672499999999999,10.0,10.0,10.0,10.0,2,10.0,8.890833333333333
10.0,10.0,10.0,10.0,10.0,10.0,0,10.0,10.0
9.25,10.0,10.0,10.0,10.0,10.0,2,9.75,10.0
10.0,10.0,10.0,10.0,10.0,10.0,1,10.0,10.0
8.875,8.4175,9.5,9.6675,4.0,10.0,0,7.458333333333333,9.361666666666666
8.75,7.609999999999999,9.1,10.0,8.335,6.44,4,8.728333333333333,8.016666666666667
6.1625,5.255,10.0,10.0,10.0,10.0,2,8.720833333333333,8.418333333333333
10.0,9.3175,10.0,10.0,10.0,10.0,3,10.0,9.7725
6.59,10.0,9.55,8.825,0.0,6.75,2,5.38,8.525
9.1875,10.0,10.0,10.0,10.0,10.0,0,9.729166666666666,10.0
10.0,10.0,10.0,10.0,10.0,10.0,0,10.0,10.0
10.0,10.0,10.0,10.0,10.0,10.0,2,10.0,10.0
10.0,10.0,10.0,10.0,10.0,10.0,2,10.0,10.0
3.37,4.443333333333333,5.1675,8.0,6.67,0.0,2,5.069166666666667,4.147777777777778
9.1875,4.0,9.25,10.0,9.355,9.375,0,9.264166666666666,7.791666666666667
9.4375,9.9175,10.0,10.0,9.665,10.0,2,9.700833333333334,9.9725
9.875,10.0,10.0,10.0,10.0,10.0,4,9.958333333333334,10.0
10.0,9.4325,10.0,10.0,10.0,10.0,1,10.0,9.810833333333333
10.0,9.09,10.0,10.0,10.0,10.0,0,10.0,9.696666666666667
10.0,10.0,10.0,10.0,10.0,10.0,3,10.0,10.0
7.785,8.6675,10.0,10.0,10.0,10.0,2,9.261666666666667,9.555833333333334
9.875,10.0,10.0,10.0,10.0,10.0,2,9.958333333333334,10.0
9.375,8.75,10.0,10.0,10.0,10.0,2,9.791666666666666,9.583333333333334
3.625,5.7275,0.0,10.0,10.0,10.0,3,4.541666666666667,8.575833333333334
10.0,9.75,9.1675,10.0,10.0,0.0,2,9.7225,6.583333333333333
10.0,10.0,10.0,10.0,9.93,10.0,2,9.976666666666667,10.0
10.0,10.0,10.0,10.0,10.0,10.0,0,10.0,10.0
8.75,10.0,10.0,10.0,10.0,10.0,2,9.583333333333334,10.0
9.875,10.0,10.0,10.0,0.0,9.44,2,6.625,9.813333333333333
10.0,10.0,10.0,10.0,10.0,10.0,2,10.0,10.0
9.375,10.0,0.0,0.0,10.0,10.0,2,6.458333333333333,6.666666666666667
9.875,9.5775,10.0,10.0,10.0,10.0,1,9.958333333333334,9.859166666666667
1.82,7.223333333333334,6.335,10.0,10.0,10.0,0,6.051666666666667,9.074444444444444
6.859999999999999,0.0,6.0175,10.0,9.93,10.0,0,7.602499999999999,6.666666666666667
10.0,10.0,10.0,10.0,10.0,10.0,0,10.0,10.0
9.675,8.6375,10.0,9.95,9.93,9.5,0,9.868333333333334,9.362499999999999
10.0,10.0,10.0,10.0,10.0,10.0,2,10.0,10.0
9.875,10.0,10.0,10.0,10.0,10.0,1,9.958333333333334,10.0
9.66,10.0,10.0,10.0,10.0,10.0,2,9.886666666666667,10.0
9.5,8.735,9.125,8.55,10.0,9.75,2,9.541666666666666,9.011666666666667
6.75,5.8325,10.0,0.0,10.0,10.0,3,8.916666666666666,5.2775
9.75,8.3275,8.335,9.666666666666666,10.0,10.0,4,9.361666666666666,9.331388888888888
5.3325,7.836666666666666,10.0,9.95,9.285,10.0,0,8.205833333333333,9.262222222222222
4.859999999999999,8.6225,9.6,10.0,10.0,9.375,0,8.153333333333334,9.332500000000001
9.8125,9.09,10.0,10.0,0.0,0.0,0,6.604166666666667,6.363333333333333
7.5675,8.395,9.75,8.15,9.645,10.0,0,8.987499999999999,8.848333333333334
10.0,9.9175,10.0,10.0,10.0,10.0,1,10.0,9.9725
9.8125,9.9175,10.0,10.0,10.0,10.0,2,9.9375,9.9725
10.0,10.0,10.0,10.0,10.0,10.0,2,10.0,10.0
9.75,10.0,10.0,10.0,10.0,10.0,2,9.916666666666666,10.0
1.4,1.25,5.0,10.0,10.0,10.0,2,5.466666666666666,7.083333333333333
9.8125,9.75,10.0,10.0,10.0,10.0,2,9.9375,9.916666666666666
10.0,10.0,10.0,10.0,10.0,10.0,0,10.0,10.0
10.0,10.0,10.0,10.0,10.0,0.0,2,10.0,6.666666666666667
10.0,10.0,10.0,10.0,10.0,10.0,3,10.0,10.0
9.625,9.696666666666667,10.0,9.6,10.0,10.0,2,9.875,9.765555555555556
10.0,10.0,10.0,10.0,10.0,10.0,1,10.0,10.0
8.555,8.83,10.0,10.0,10.0,10.0,0,9.518333333333333,9.61
9.875,10.0,10.0,10.0,10.0,10.0,2,9.958333333333334,10.0
9.875,6.353333333333334,10.0,10.0,10.0,10.0,3,9.958333333333334,8.784444444444444
0.0,5.665,10.0,10.0,10.0,10.0,0,6.666666666666667,8.555
8.317499999999999,5.363333333333333,10.0,0.0,10.0,10.0,0,9.439166666666667,5.121111111111111
10.0,9.66,10.0,10.0,10.0,10.0,1,10.0,9.886666666666667
10.0,10.0,10.0,10.0,10.0,10.0,4,10.0,10.0
10.0,9.205,10.0,10.0,10.0,10.0,4,10.0,9.735
9.875,7.645,10.0,10.0,10.0,10.0,2,9.958333333333334,9.215
10.0,10.0,10.0,10.0,10.0,10.0,2,10.0,10.0
6.3100000000000005,3.53,6.67,10.0,10.0,10.0,2,7.66,7.843333333333334
9.875,10.0,10.0,10.0,10.0,10.0,2,9.958333333333334,10.0
10.0,10.0,10.0,10.0,10.0,10.0,3,10.0,10.0
0.45,0.25,5.835,10.0,10.0,9.0,0,5.428333333333334,6.416666666666667
10.0,10.0,10.0,10.0,10.0,10.0,2,10.0,10.0
10.0,10.0,10.0,10.0,10.0,8.75,2,10.0,9.583333333333334
10.0,10.0,10.0,10.0,10.0,10.0,1,10.0,10.0
0.0,0.0,0.0,0.0,0.0,6.875,2,0.0,2.2916666666666665
10.0,10.0,9.95,10.0,10.0,10.0,3,9.983333333333333,10.0
9.875,10.0,10.0,10.0,10.0,10.0,3,9.958333333333334,10.0
10.0,9.9175,10.0,10.0,10.0,10.0,2,10.0,9.9725
9.875,9.75,9.6,10.0,10.0,10.0,2,9.825000000000001,9.916666666666666
9.4375,8.333333333333334,6.67,0.0,10.0,10.0,1,8.7025,6.111111111111112
9.5,7.5825,9.35,8.25,9.57,8.125,2,9.473333333333334,7.985833333333333
10.0,10.0,10.0,10.0,10.0,10.0,3,10.0,10.0
9.375,8.6375,10.0,10.0,10.0,10.0,3,9.791666666666666,9.545833333333333
5.625,9.9175,10.0,7.9175,10.0,9.375,0,8.541666666666666,9.07
9.875,10.0,10.0,10.0,10.0,10.0,4,9.958333333333334,10.0
9.75,8.75,10.0,10.0,10.0,10.0,1,9.916666666666666,9.583333333333334
9.5,10.0,10.0,10.0,10.0,10.0,3,9.833333333333334,10.0
5.375,9.666666666666666,10.0,10.0,0.0,10.0,0,5.125,9.888888888888888
10.0,10.0,10.0,10.0,10.0,10.0,3,10.0,10.0
0.0,10.0,10.0,10.0,10.0,10.0,2,6.666666666666667,10.0
8.105,4.443333333333333,10.0,10.0,10.0,10.0,2,9.368333333333334,8.147777777777778
9.875,10.0,10.0,10.0,10.0,10.0,2,9.958333333333334,10.0
10.0,10.0,10.0,10.0,10.0,10.0,2,10.0,10.0
9.42,10.0,10.0,10.0,10.0,10.0,4,9.806666666666667,10.0
10.0,9.7725,10.0,10.0,10.0,10.0,2,10.0,9.924166666666666
5.9325,10.0,10.0,7.9175,0.0,9.375,2,5.310833333333334,9.0975
9.8125,9.38,10.0,10.0,10.0,10.0,2,9.9375,9.793333333333335
10.0,9.9175,10.0,10.0,10.0,10.0,3,10.0,9.9725
9.375,9.545,10.0,10.0,10.0,10.0,3,9.791666666666666,9.848333333333334
9.75,9.75,10.0,10.0,10.0,10.0,4,9.916666666666666,9.916666666666666
10.0,10.0,10.0,10.0,10.0,10.0,1,10.0,10.0
8.0625,7.7275,0.0,0.0,0.0,0.0,0,2.6875,2.575833333333333
10.0,10.0,10.0,10.0,10.0,10.0,4,10.0,10.0
10.0,10.0,10.0,10.0,10.0,10.0,2,10.0,10.0
10.0,10.0,10.0,10.0,10.0,10.0,4,10.0,10.0
9.875,10.0,10.0,10.0,10.0,10.0,3,9.958333333333334,10.0
8.75,9.8325,10.0,9.8325,10.0,9.375,0,9.583333333333334,9.68
8.8,8.333333333333334,10.0,0.0,0.0,9.25,0,6.266666666666667,5.861111111111112
10.0,9.605,10.0,10.0,10.0,10.0,2,10.0,9.868333333333334
10.0,9.545,10.0,10.0,10.0,10.0,3,10.0,9.848333333333334
9.6875,8.94,8.6675,10.0,9.93,10.0,3,9.428333333333333,9.646666666666667
9.3125,9.235,10.0,10.0,10.0,10.0,0,9.770833333333334,9.745
9.375,10.0,9.65,10.0,10.0,10.0,2,9.674999999999999,10.0
7.0,3.333333333333333,9.35,10.0,10.0,10.0,0,8.783333333333333,7.777777777777778
9.875,9.9175,10.0,10.0,10.0,10.0,0,9.958333333333334,9.9725
4.183333333333334,10.0,9.55,10.0,10.0,10.0,4,7.911111111111111,10.0
10.0,10.0,10.0,10.0,10.0,10.0,1,10.0,10.0
10.0,10.0,10.0,10.0,10.0,10.0,1,10.0,10.0
10.0,10.0,10.0,10.0,10.0,10.0,1,10.0,10.0
10.0,10.0,10.0,10.0,10.0,10.0,1,10.0,10.0
10.0,10.0,10.0,10.0,10.0,10.0,1,10.0,10.0
10.0,10.0,10.0,10.0,10.0,10.0,1,10.0,10.0
10.0,10.0,10.0,10.0,10.0,10.0,1,10.0,10.0
10.0,10.0,10.0,10.0,10.0,10.0,1,10.0,10.0
10.0,10.0,10.0,10.0,10.0,10.0,1,10.0,10.0
10.0,10.0,10.0,10.0,10.0,10.0,1,10.0,10.0
10.0,10.0,10.0,10.0,10.0,10.0,1,10.0,10.0
10.0,10.0,10.0,10.0,10.0,10.0,1,10.0,10.0
10.0,10.0,10.0,10.0,10.0,10.0,1,10.0,10.0
10.0,10.0,10.0,10.0,10.0,10.0,1,10.0,10.0
10.0,10.0,10.0,10.0,10.0,10.0,1,10.0,10.0
10.0,10.0,10.0,10.0,10.0,10.0,1,10.0,10.0
10.0,10.0,10.0,10.0,10.0,10.0,2,10.0,10.0
5.5,8.0,10.0,10.0,10.0,0.0,2,8.5,6.0
9.875,9.7725,10.0,10.0,10.0,8.75,3,9.958333333333334,9.5075
7.4875,7.88,9.8,9.3325,10.0,10.0,3,9.095833333333333,9.070833333333333
10.0,10.0,10.0,10.0,10.0,8.125,1,10.0,9.375
9.875,10.0,10.0,10.0,10.0,10.0,0,9.958333333333334,10.0
9.875,7.445,10.0,10.0,10.0,10.0,1,9.958333333333334,9.148333333333333
9.875,6.220000000000001,10.0,10.0,10.0,10.0,2,9.958333333333334,8.74
10.0,9.9175,9.6,10.0,10.0,10.0,0,9.866666666666667,9.9725
9.625,10.0,10.0,10.0,10.0,10.0,2,9.875,10.0
8.407499999999999,9.1675,9.05,10.0,7.855,8.75,0,8.4375,9.305833333333334
10.0,10.0,9.9,10.0,10.0,9.375,2,9.966666666666667,9.791666666666666
8.625,5.835000000000001,0.0,0.0,10.0,10.0,0,6.208333333333333,5.278333333333333
9.875,10.0,9.55,10.0,9.57,10.0,2,9.665000000000001,10.0
8.9375,0.0,9.95,0.0,10.0,10.0,0,9.629166666666666,3.3333333333333335
9.5,9.22,9.65,10.0,10.0,9.815,2,9.716666666666667,9.678333333333333
9.75,10.0,9.75,10.0,10.0,10.0,2,9.833333333333334,10.0
9.75,7.5825,10.0,8.333333333333334,10.0,10.0,0,9.916666666666666,8.63861111111111
10.0,10.0,9.1675,9.9,10.0,10.0,2,9.7225,9.966666666666667
10.0,8.75,8.335,10.0,10.0,10.0,1,9.445,9.583333333333334
10.0,10.0,10.0,10.0,10.0,10.0,3,10.0,10.0
0.8333333333333334,5.11,10.0,0.0,10.0,9.375,2,6.9444444444444455,4.828333333333333
9.2225,10.0,10.0,10.0,10.0,10.0,2,9.740833333333333,10.0
6.6975,6.466666666666666,10.0,10.0,10.0,10.0,2,8.899166666666666,8.822222222222221
9.375,9.7725,0.0,10.0,9.93,10.0,2,6.435,9.924166666666666
8.625,9.8325,10.0,10.0,10.0,10.0,2,9.541666666666666,9.944166666666666
10.0,10.0,10.0,10.0,10.0,10.0,0,10.0,10.0
10.0,10.0,10.0,10.0,10.0,10.0,3,10.0,10.0
9.875,9.89,10.0,10.0,10.0,10.0,3,9.958333333333334,9.963333333333333
10.0,10.0,10.0,10.0,10.0,10.0,2,10.0,10.0
10.0,10.0,10.0,10.0,10.0,10.0,0,10.0,10.0
9.875,10.0,10.0,0.0,9.93,10.0,2,9.935,6.666666666666667
9.875,9.1675,10.0,10.0,10.0,0.0,0,9.958333333333334,6.389166666666667
9.5,10.0,10.0,10.0,10.0,10.0,0,9.833333333333334,10.0
9.6875,9.7725,10.0,10.0,10.0,10.0,0,9.895833333333334,9.924166666666666
5.984999999999999,5.9433333333333325,9.65,10.0,10.0,9.875,2,8.545,8.60611111111111
9.625,10.0,10.0,10.0,10.0,10.0,2,9.875,10.0
9.875,9.235,10.0,10.0,10.0,10.0,2,9.958333333333334,9.745
8.5725,9.35,10.0,10.0,10.0,10.0,0,9.524166666666666,9.783333333333333
6.9375,8.0225,10.0,10.0,10.0,10.0,0,8.979166666666666,9.340833333333334
9.875,9.9175,9.6,10.0,10.0,10.0,0,9.825000000000001,9.9725
10.0,6.333333333333333,10.0,10.0,10.0,10.0,3,10.0,8.777777777777777
10.0,10.0,10.0,10.0,9.93,8.75,2,9.976666666666667,9.583333333333334
9.5,9.6375,9.85,10.0,10.0,10.0,2,9.783333333333333,9.879166666666666
9.4375,8.1675,9.55,8.4175,10.0,9.375,0,9.6625,8.653333333333334
9.0,10.0,10.0,10.0,10.0,10.0,0,9.666666666666666,10.0
10.0,10.0,10.0,10.0,10.0,10.0,3,10.0,10.0
9.75,8.84,9.85,10.0,10.0,10.0,1,9.866666666666667,9.613333333333333
9.875,8.015,10.0,10.0,10.0,10.0,2,9.958333333333334,9.338333333333333
8.41,4.556666666666667,9.65,9.1675,9.285,9.94,2,9.115,7.888055555555556
8.75,10.0,10.0,10.0,10.0,10.0,0,9.583333333333334,10.0
10.0,10.0,10.0,10.0,10.0,10.0,0,10.0,10.0
8.96,0.165,9.55,7.9175,9.57,10.0,2,9.360000000000001,6.0275
10.0,10.0,10.0,10.0,10.0,10.0,0,10.0,10.0
10.0,10.0,10.0,10.0,10.0,10.0,2,10.0,10.0
8.25,9.7725,7.0,10.0,9.67,8.5,0,8.306666666666667,9.424166666666666
10.0,9.75,10.0,10.0,10.0,10.0,0,10.0,9.916666666666666
9.875,10.0,10.0,10.0,10.0,10.0,1,9.958333333333334,10.0
10.0,10.0,10.0,10.0,9.93,10.0,1,9.976666666666667,10.0
9.625,10.0,10.0,10.0,10.0,10.0,4,9.875,10.0
10.0,10.0,9.95,10.0,10.0,10.0,3,9.983333333333333,10.0
6.6875,6.1675,9.7,0.0,10.0,10.0,0,8.795833333333333,5.389166666666667
6.833333333333333,7.0,10.0,10.0,10.0,10.0,0,8.944444444444445,9.0
6.833333333333333,7.0,10.0,10.0,10.0,10.0,0,8.944444444444445,9.0
6.833333333333333,7.0,10.0,10.0,10.0,10.0,0,8.944444444444445,9.0
6.833333333333333,7.0,10.0,10.0,10.0,10.0,0,8.944444444444445,9.0
6.833333333333333,7.0,10.0,10.0,10.0,10.0,0,8.944444444444445,9.0
6.833333333333333,7.0,10.0,10.0,10.0,10.0,0,8.944444444444445,9.0
6.833333333333333,7.0,10.0,10.0,10.0,10.0,0,8.944444444444445,9.0
6.833333333333333,7.0,10.0,10.0,10.0,10.0,0,8.944444444444445,9.0
6.833333333333333,7.0,10.0,10.0,10.0,10.0,0,8.944444444444445,9.0
6.833333333333333,7.0,10.0,10.0,10.0,10.0,0,8.944444444444445,9.0
6.833333333333333,7.0,10.0,10.0,10.0,10.0,0,8.944444444444445,9.0
6.833333333333333,7.0,10.0,10.0,10.0,10.0,0,8.944444444444445,9.0
6.833333333333333,7.0,10.0,10.0,10.0,10.0,0,8.944444444444445,9.0
6.833333333333333,7.0,10.0,10.0,10.0,10.0,0,8.944444444444445,9.0
6.833333333333333,7.0,10.0,10.0,10.0,10.0,0,8.944444444444445,9.0
6.833333333333333,7.0,10.0,10.0,10.0,10.0,0,8.944444444444445,9.0
10.0,9.66,10.0,10.0,10.0,10.0,3,10.0,9.886666666666667
9.875,6.5225,9.75,10.0,9.285,10.0,2,9.636666666666667,8.840833333333334
10.0,10.0,10.0,10.0,10.0,10.0,1,10.0,10.0
9.75,9.4325,9.85,10.0,9.93,10.0,2,9.843333333333334,9.810833333333333
8.719999999999999,7.04,8.7,10.0,9.93,10.0,0,9.116666666666665,9.013333333333334
10.0,10.0,10.0,10.0,10.0,10.0,2,10.0,10.0
10.0,10.0,10.0,10.0,10.0,10.0,2,10.0,10.0
10.0,10.0,10.0,10.0,10.0,10.0,1,10.0,10.0
3.375,10.0,10.0,10.0,10.0,10.0,2,7.791666666666667,10.0
10.0,9.3175,10.0,10.0,10.0,10.0,2,10.0,9.7725
10.0,10.0,10.0,10.0,10.0,10.0,1,10.0,10.0
9.875,9.8325,10.0,10.0,10.0,10.0,0,9.958333333333334,9.944166666666666
9.875,8.94,9.65,10.0,10.0,10.0,2,9.841666666666667,9.646666666666667
10.0,0.0,0.0,10.0,0.0,10.0,0,3.3333333333333335,6.666666666666667
9.75,10.0,10.0,0.0,10.0,10.0,2,9.916666666666666,6.666666666666667
10.0,10.0,10.0,10.0,10.0,10.0,2,10.0,10.0
10.0,10.0,10.0,10.0,10.0,10.0,2,10.0,10.0
9.875,9.7725,10.0,10.0,9.93,0.0,2,9.935,6.590833333333333
10.0,10.0,10.0,10.0,10.0,10.0,2,10.0,10.0
7.91,7.25,9.5,7.26,6.57,5.25,0,7.993333333333333,6.586666666666666
9.17,7.0825,8.2675,10.0,10.0,10.0,1,9.145833333333334,9.0275
10.0,10.0,10.0,10.0,10.0,10.0,3,10.0,10.0
9.1475,9.6475,9.8,10.0,10.0,10.0,2,9.649166666666668,9.8825
8.75,6.666666666666667,10.0,10.0,10.0,10.0,2,9.583333333333334,8.88888888888889
8.675,6.585,10.0,10.0,10.0,10.0,2,9.558333333333334,8.861666666666666
10.0,10.0,10.0,10.0,10.0,10.0,2,10.0,10.0
10.0,10.0,10.0,10.0,10.0,10.0,2,10.0,10.0
9.875,10.0,10.0,10.0,10.0,10.0,2,9.958333333333334,10.0
9.875,9.8325,10.0,10.0,9.285,9.69,3,9.72,9.840833333333334
8.0625,2.0,9.6,10.0,8.57,8.75,2,8.744166666666667,6.916666666666667
9.875,10.0,10.0,10.0,9.285,6.5,0,9.72,8.833333333333334
9.875,10.0,10.0,10.0,10.0,10.0,0,9.958333333333334,10.0
2.755,0.0,0.0,0.0,0.0,0.0,0,0.9183333333333333,0.0
10.0,10.0,10.0,10.0,10.0,10.0,3,10.0,10.0
9.875,10.0,10.0,10.0,10.0,10.0,2,9.958333333333334,10.0
9.875,9.7725,10.0,10.0,10.0,10.0,0,9.958333333333334,9.924166666666666
9.1875,9.2725,10.0,10.0,10.0,10.0,2,9.729166666666666,9.7575
10.0,9.9175,10.0,10.0,10.0,10.0,2,10.0,9.9725
7.4175,9.776666666666666,6.67,0.0,0.0,8.75,2,4.695833333333334,6.175555555555555
0.5,0.0,7.95,9.1675,9.0,10.0,2,5.816666666666666,6.389166666666667
8.8225,6.6675,10.0,10.0,10.0,10.0,0,9.6075,8.889166666666666
9.55,10.0,8.89,10.0,10.0,10.0,1,9.48,10.0
9.75,9.8325,9.8,10.0,5.0,10.0,2,8.183333333333334,9.944166666666666
8.625,7.955,9.65,10.0,10.0,10.0,2,9.424999999999999,9.318333333333333
10.0,10.0,10.0,10.0,10.0,10.0,2,10.0,10.0
9.875,9.665,10.0,10.0,10.0,10.0,2,9.958333333333334,9.888333333333334
9.375,9.2725,9.7,9.6675,9.57,9.375,0,9.548333333333334,9.438333333333334
9.1875,8.25,9.6,10.0,10.0,10.0,0,9.595833333333333,9.416666666666666
9.875,10.0,10.0,10.0,10.0,10.0,2,9.958333333333334,10.0
10.0,10.0,10.0,10.0,10.0,10.0,4,10.0,10.0
9.875,7.0825,10.0,10.0,9.835,10.0,1,9.903333333333334,9.0275
7.333333333333333,2.0,7.69,7.75,0.0,0.0,0,5.007777777777778,3.25
10.0,9.8325,10.0,10.0,10.0,10.0,0,10.0,9.944166666666666
10.0,9.9175,10.0,10.0,10.0,10.0,2,10.0,9.9725
7.8066666666666675,1.6966666666666663,0.0,10.0,10.0,10.0,0,5.935555555555556,7.232222222222222
10.0,10.0,10.0,10.0,10.0,10.0,2,10.0,10.0
8.75,10.0,10.0,10.0,10.0,10.0,0,9.583333333333334,10.0
8.9475,8.425,0.0,9.666666666666666,10.0,9.375,4,6.315833333333333,9.155555555555557
9.875,10.0,10.0,10.0,10.0,10.0,2,9.958333333333334,10.0
10.0,10.0,10.0,10.0,10.0,10.0,0,10.0,10.0
8.25,8.9775,6.665,10.0,0.0,7.125,0,4.971666666666667,8.700833333333334
10.0,9.7725,10.0,10.0,10.0,10.0,1,10.0,9.924166666666666
10.0,4.943333333333333,10.0,10.0,10.0,9.94,0,10.0,8.294444444444444
9.8475,8.6225,10.0,10.0,10.0,10.0,2,9.949166666666667,9.540833333333333
10.0,10.0,10.0,10.0,10.0,10.0,3,10.0,10.0
9.875,10.0,10.0,10.0,10.0,10.0,1,9.958333333333334,10.0
5.75,0.0,9.1675,10.0,10.0,10.0,0,8.305833333333334,6.666666666666667
9.5,10.0,10.0,10.0,10.0,10.0,2,9.833333333333334,10.0
7.25,7.83,4.0325,10.0,9.285,6.065,0,6.855833333333333,7.965
10.0,10.0,10.0,10.0,10.0,10.0,2,10.0,10.0
10.0,10.0,10.0,10.0,10.0,10.0,2,10.0,10.0
10.0,10.0,10.0,10.0,10.0,10.0,2,10.0,10.0
10.0,10.0,10.0,10.0,10.0,10.0,2,10.0,10.0
10.0,10.0,10.0,10.0,10.0,10.0,2,10.0,10.0
10.0,10.0,10.0,10.0,10.0,10.0,2,10.0,10.0
10.0,10.0,10.0,10.0,10.0,10.0,2,10.0,10.0
10.0,10.0,10.0,10.0,10.0,10.0,2,10.0,10.0
10.0,10.0,10.0,10.0,10.0,10.0,2,10.0,10.0
10.0,10.0,10.0,10.0,10.0,10.0,2,10.0,10.0
10.0,10.0,10.0,10.0,10.0,10.0,2,10.0,10.0
10.0,10.0,10.0,10.0,10.0,10.0,2,10.0,10.0
10.0,10.0,10.0,10.0,10.0,10.0,2,10.0,10.0
10.0,10.0,10.0,10.0,10.0,10.0,2,10.0,10.0
10.0,10.0,10.0,10.0,10.0,10.0,2,10.0,10.0
10.0,10.0,10.0,10.0,10.0,10.0,2,10.0,10.0
9.875,10.0,10.0,10.0,0.0,10.0,4,6.625,10.0
9.875,9.66,10.0,10.0,10.0,10.0,2,9.958333333333334,9.886666666666667
6.5125,8.466666666666667,8.8675,10.0,10.0,10.0,1,8.459999999999999,9.488888888888889
8.0625,7.3325,9.75,10.0,10.0,10.0,0,9.270833333333334,9.110833333333334
10.0,10.0,10.0,10.0,10.0,10.0,2,10.0,10.0
9.875,10.0,10.0,10.0,10.0,10.0,2,9.958333333333334,10.0
10.0,10.0,10.0,10.0,10.0,10.0,2,10.0,10.0
10.0,10.0,10.0,10.0,10.0,10.0,2,10.0,10.0
10.0,10.0,10.0,10.0,10.0,10.0,2,10.0,10.0
10.0,10.0,10.0,10.0,10.0,10.0,2,10.0,10.0
10.0,10.0,10.0,10.0,10.0,10.0,2,10.0,10.0
10.0,10.0,10.0,10.0,10.0,10.0,2,10.0,10.0
10.0,10.0,10.0,10.0,10.0,10.0,2,10.0,10.0
10.0,10.0,10.0,10.0,10.0,10.0,2,10.0,10.0
10.0,10.0,10.0,10.0,10.0,10.0,2,10.0,10.0
10.0,10.0,10.0,10.0,10.0,10.0,2,10.0,10.0
10.0,10.0,10.0,10.0,10.0,10.0,2,10.0,10.0
10.0,10.0,10.0,10.0,10.0,10.0,2,10.0,10.0
10.0,10.0,10.0,10.0,10.0,10.0,2,10.0,10.0
10.0,10.0,10.0,10.0,10.0,10.0,2,10.0,10.0
10.0,10.0,10.0,10.0,10.0,10.0,2,10.0,10.0
10.0,10.0,10.0,10.0,10.0,10.0,2,10.0,10.0
10.0,10.0,10.0,10.0,10.0,10.0,1,10.0,10.0
9.75,10.0,10.0,10.0,10.0,10.0,2,9.916666666666666,10.0
10.0,10.0,10.0,10.0,10.0,10.0,3,10.0,10.0
9.9375,9.776666666666666,9.1675,10.0,10.0,10.0,2,9.701666666666666,9.925555555555555
10.0,6.125,10.0,10.0,10.0,10.0,0,10.0,8.708333333333334
10.0,10.0,10.0,10.0,10.0,10.0,2,10.0,10.0
10.0,10.0,10.0,10.0,10.0,10.0,1,10.0,10.0
4.75,0.0,9.95,10.0,10.0,10.0,1,8.233333333333333,6.666666666666667
10.0,10.0,10.0,10.0,10.0,10.0,2,10.0,10.0
10.0,10.0,10.0,10.0,10.0,10.0,1,10.0,10.0
10.0,10.0,10.0,10.0,10.0,10.0,2,10.0,10.0
8.4925,10.0,10.0,10.0,10.0,10.0,2,9.4975,10.0
9.875,9.6675,9.55,10.0,10.0,10.0,2,9.808333333333334,9.889166666666666
9.3125,10.0,10.0,10.0,10.0,10.0,0,9.770833333333334,10.0
0.0,0.0,10.0,8.75,0.0,0.0,1,3.3333333333333335,2.9166666666666665
6.75,6.56,9.1675,10.0,10.0,0.0,2,8.639166666666666,5.52
10.0,10.0,10.0,10.0,10.0,10.0,2,10.0,10.0
10.0,8.03,7.776666666666666,10.0,10.0,10.0,0,9.258888888888889,9.343333333333334
10.0,10.0,10.0,10.0,10.0,10.0,2,10.0,10.0
8.625,3.223333333333333,10.0,10.0,9.93,10.0,2,9.518333333333333,7.741111111111111
5.0,9.205,8.7675,10.0,9.285,10.0,3,7.684166666666667,9.735
9.625,10.0,10.0,10.0,10.0,10.0,3,9.875,10.0
6.859999999999999,6.609999999999999,9.2,8.2825,9.285,4.5,1,8.448333333333332,6.464166666666666
10.0,10.0,10.0,10.0,10.0,10.0,2,10.0,10.0
10.0,10.0,10.0,10.0,10.0,10.0,2,10.0,10.0
5.0,9.9175,10.0,10.0,10.0,10.0,1,8.333333333333334,9.9725
9.75,10.0,10.0,10.0,10.0,10.0,4,9.916666666666666,10.0
10.0,9.545,10.0,10.0,0.0,10.0,0,6.666666666666667,9.848333333333334
8.1875,3.3325,0.0,0.0,0.0,0.0,0,2.7291666666666665,1.1108333333333333
9.62,9.9175,10.0,10.0,10.0,10.0,2,9.873333333333333,9.9725
9.875,8.59,10.0,10.0,10.0,10.0,2,9.958333333333334,9.53
9.875,8.59,10.0,10.0,10.0,10.0,2,9.958333333333334,9.53
9.875,8.59,10.0,10.0,10.0,10.0,2,9.958333333333334,9.53
9.875,8.59,10.0,10.0,10.0,10.0,2,9.958333333333334,9.53
9.875,8.59,10.0,10.0,10.0,10.0,2,9.958333333333334,9.53
9.875,8.59,10.0,10.0,10.0,10.0,2,9.958333333333334,9.53
9.875,8.59,10.0,10.0,10.0,10.0,2,9.958333333333334,9.53
9.875,8.59,10.0,10.0,10.0,10.0,2,9.958333333333334,9.53
9.875,8.59,10.0,10.0,10.0,10.0,2,9.958333333333334,9.53
9.875,8.59,10.0,10.0,10.0,10.0,2,9.958333333333334,9.53
9.875,8.59,10.0,10.0,10.0,10.0,2,9.958333333333334,9.53
9.875,8.59,10.0,10.0,10.0,10.0,2,9.958333333333334,9.53
9.875,8.59,10.0,10.0,10.0,10.0,2,9.958333333333334,9.53
9.875,8.59,10.0,10.0,10.0,10.0,2,9.958333333333334,9.53
9.875,8.59,10.0,10.0,10.0,10.0,2,9.958333333333334,9.53
9.875,8.59,10.0,10.0,10.0,10.0,2,9.958333333333334,9.53
9.875,9.545,10.0,10.0,10.0,10.0,2,9.958333333333334,9.848333333333334
9.5,9.4625,10.0,10.0,10.0,10.0,1,9.833333333333334,9.820833333333333
9.875,9.9175,10.0,10.0,10.0,9.94,0,9.958333333333334,9.9525
9.75,10.0,10.0,10.0,10.0,10.0,3,9.916666666666666,10.0
7.9175,7.9775,9.55,8.75,0.0,9.375,0,5.822500000000001,8.700833333333334
9.75,10.0,10.0,10.0,10.0,10.0,2,9.916666666666666,10.0
10.0,10.0,10.0,10.0,10.0,10.0,1,10.0,10.0
10.0,10.0,10.0,10.0,10.0,10.0,2,10.0,10.0
9.285,6.085,9.65,10.0,8.645,9.125,1,9.193333333333333,8.403333333333334
10.0,10.0,10.0,10.0,10.0,10.0,0,10.0,10.0
9.625,1.9175,8.7175,9.75,0.0,0.0,2,6.114166666666667,3.8891666666666667
10.0,10.0,10.0,10.0,10.0,10.0,2,10.0,10.0
10.0,9.7725,9.85,10.0,10.0,10.0,3,9.950000000000001,9.924166666666666
8.782499999999999,8.15,9.6,10.0,10.0,4.5,2,9.460833333333333,7.55
9.385,7.3325,10.0,10.0,10.0,10.0,0,9.795,9.110833333333334
10.0,7.6125,10.0,10.0,10.0,10.0,1,10.0,9.204166666666667
10.0,3.41,10.0,10.0,0.0,10.0,1,6.666666666666667,7.803333333333334
10.0,10.0,10.0,10.0,10.0,10.0,0,10.0,10.0
9.495,8.5,10.0,10.0,10.0,10.0,1,9.831666666666665,9.5
10.0,2.556666666666666,10.0,10.0,10.0,10.0,0,10.0,7.518888888888888
10.0,10.0,10.0,10.0,10.0,10.0,1,10.0,10.0
10.0,10.0,10.0,10.0,10.0,10.0,2,10.0,10.0
9.6975,10.0,10.0,10.0,10.0,10.0,2,9.899166666666666,10.0
9.5,8.045,9.85,10.0,10.0,10.0,0,9.783333333333333,9.348333333333334
10.0,10.0,10.0,10.0,9.93,9.94,2,9.976666666666667,9.979999999999999
9.875,10.0,10.0,10.0,10.0,10.0,1,9.958333333333334,10.0
9.875,10.0,9.75,10.0,10.0,10.0,1,9.875,10.0
9.4375,10.0,10.0,10.0,10.0,10.0,0,9.8125,10.0
9.875,9.9175,8.75,10.0,10.0,10.0,0,9.541666666666666,9.9725
9.875,10.0,10.0,10.0,10.0,10.0,2,9.958333333333334,10.0
9.875,9.9175,10.0,10.0,10.0,10.0,2,9.958333333333334,9.9725
3.98,9.8325,9.75,10.0,10.0,10.0,2,7.91,9.944166666666666
9.875,10.0,10.0,10.0,10.0,10.0,3,9.958333333333334,10.0
10.0,9.545,10.0,10.0,10.0,10.0,2,10.0,9.848333333333334
9.625,8.2425,10.0,10.0,10.0,10.0,0,9.875,9.414166666666667
9.875,9.85,10.0,10.0,10.0,10.0,0,9.958333333333334,9.950000000000001
10.0,10.0,10.0,10.0,8.57,10.0,0,9.523333333333333,10.0
9.875,10.0,10.0,10.0,10.0,10.0,3,9.958333333333334,10.0
9.5625,9.9175,10.0,10.0,10.0,10.0,2,9.854166666666666,9.9725
10.0,7.443333333333332,10.0,10.0,10.0,10.0,2,10.0,9.147777777777778
10.0,10.0,0.0,10.0,10.0,10.0,2,6.666666666666667,10.0
10.0,10.0,10.0,10.0,10.0,10.0,4,10.0,10.0
10.0,10.0,10.0,10.0,10.0,10.0,2,10.0,10.0
10.0,10.0,10.0,10.0,10.0,10.0,2,10.0,10.0
9.75,8.636666666666667,10.0,10.0,0.0,0.0,2,6.583333333333333,6.2122222222222225
10.0,10.0,10.0,10.0,10.0,10.0,0,10.0,10.0
9.625,10.0,10.0,10.0,10.0,10.0,2,9.875,10.0
5.2625,10.0,10.0,10.0,9.835,9.375,2,8.365833333333333,9.791666666666666
7.375,10.0,10.0,10.0,10.0,10.0,2,9.125,10.0
9.1875,7.5,10.0,10.0,10.0,10.0,0,9.729166666666666,9.166666666666666
9.8125,9.8325,10.0,10.0,10.0,10.0,1,9.9375,9.944166666666666
10.0,10.0,10.0,10.0,10.0,10.0,0,10.0,10.0
9.875,9.1675,10.0,10.0,10.0,10.0,0,9.958333333333334,9.7225
10.0,0.0,10.0,9.95,10.0,9.625,2,10.0,6.5249999999999995
9.8,9.7725,9.6,9.1175,9.93,10.0,4,9.776666666666666,9.63
6.945,1.5750000000000002,9.65,10.0,10.0,5.25,0,8.865,5.608333333333333
10.0,9.9175,10.0,10.0,10.0,10.0,0,10.0,9.9725
0.0999999999999999,9.1675,10.0,10.0,10.0,10.0,0,6.7,9.7225
9.75,10.0,9.1675,10.0,10.0,10.0,2,9.639166666666666,10.0
9.875,9.7725,10.0,8.75,10.0,10.0,0,9.958333333333334,9.5075
9.875,7.955,10.0,10.0,10.0,10.0,1,9.958333333333334,9.318333333333333
6.75,8.5,8.75,10.0,10.0,10.0,0,8.5,9.5
9.5,9.9175,9.55,10.0,10.0,10.0,2,9.683333333333334,9.9725
1.21,3.94,9.85,10.0,9.285,10.0,2,6.781666666666666,7.9799999999999995
8.75,10.0,9.85,10.0,10.0,10.0,0,9.533333333333333,10.0
6.5,0.0,10.0,0.0,10.0,10.0,2,8.833333333333334,3.3333333333333335
9.875,10.0,10.0,10.0,10.0,10.0,2,9.958333333333334,10.0
10.0,10.0,10.0,10.0,10.0,10.0,3,10.0,10.0
8.379999999999999,9.7725,10.0,10.0,8.93,10.0,2,9.103333333333333,9.924166666666666
10.0,10.0,10.0,10.0,0.0,10.0,0,6.666666666666667,10.0
9.1675,9.1675,7.8825,8.4175,9.285,7.314999999999999,0,8.778333333333334,8.299999999999999
10.0,10.0,10.0,10.0,10.0,10.0,0,10.0,10.0
9.25,9.235,9.5,10.0,10.0,10.0,2,9.583333333333334,9.745
8.1875,7.955,0.0,10.0,10.0,8.125,0,6.0625,8.693333333333333
10.0,10.0,10.0,10.0,10.0,10.0,0,10.0,10.0
6.365,6.5,8.25,10.0,10.0,10.0,0,8.205,8.833333333333334
9.875,8.067499999999999,10.0,10.0,10.0,10.0,2,9.958333333333334,9.355833333333333
10.0,9.9175,10.0,10.0,10.0,10.0,3,10.0,9.9725
9.1175,7.88,9.6,10.0,0.0,10.0,0,6.239166666666667,9.293333333333333
10.0,10.0,10.0,10.0,10.0,10.0,2,10.0,10.0
10.0,9.66,9.85,10.0,10.0,10.0,0,9.950000000000001,9.886666666666667
10.0,9.1675,10.0,10.0,0.0,10.0,2,6.666666666666667,9.7225
9.625,10.0,10.0,10.0,10.0,10.0,3,9.875,10.0
8.75,9.2125,10.0,10.0,10.0,10.0,4,9.583333333333334,9.737499999999999
9.875,9.545,10.0,10.0,10.0,10.0,2,9.958333333333334,9.848333333333334
9.875,7.6125,10.0,10.0,7.0,10.0,0,8.958333333333334,9.204166666666667
8.875,9.7725,10.0,10.0,10.0,10.0,1,9.625,9.924166666666666
9.875,9.8875,10.0,10.0,10.0,10.0,0,9.958333333333334,9.9625
9.5625,9.7725,10.0,10.0,10.0,10.0,1,9.854166666666666,9.924166666666666
9.625,10.0,10.0,10.0,10.0,10.0,2,9.875,10.0
10.0,10.0,10.0,10.0,10.0,8.75,2,10.0,9.583333333333334
7.5125,0.6666666666666666,10.0,0.0,9.67,10.0,2,9.060833333333333,3.5555555555555554
9.5,8.183333333333334,10.0,0.0,10.0,10.0,1,9.833333333333334,6.061111111111111
10.0,9.8875,10.0,10.0,10.0,10.0,2,10.0,9.9625
9.875,10.0,10.0,10.0,10.0,10.0,2,9.958333333333334,10.0
9.875,9.545,10.0,10.0,10.0,10.0,0,9.958333333333334,9.848333333333334
10.0,10.0,10.0,10.0,10.0,10.0,2,10.0,10.0
9.5975,10.0,10.0,10.0,10.0,10.0,2,9.865833333333333,10.0
10.0,9.9175,10.0,0.0,10.0,10.0,0,10.0,6.639166666666667
9.875,10.0,10.0,10.0,10.0,10.0,2,9.958333333333334,10.0
9.0,9.7725,10.0,10.0,10.0,10.0,1,9.666666666666666,9.924166666666666
9.875,10.0,9.1675,10.0,10.0,9.375,0,9.680833333333334,9.791666666666666
9.21,10.0,10.0,10.0,10.0,10.0,2,9.736666666666666,10.0
10.0,9.1675,10.0,9.4,10.0,10.0,2,10.0,9.5225
10.0,10.0,10.0,10.0,10.0,10.0,2,10.0,10.0
8.75,7.9175,8.6,8.75,9.285,7.5,2,8.878333333333334,8.055833333333334
4.095,1.7275,10.0,8.3325,10.0,10.0,0,8.031666666666666,6.6866666666666665
10.0,10.0,10.0,10.0,10.0,10.0,2,10.0,10.0
10.0,8.895,10.0,10.0,10.0,10.0,0,10.0,9.631666666666666
9.295,10.0,9.65,10.0,10.0,10.0,2,9.648333333333333,10.0
9.1875,1.125,8.75,8.1675,7.45,5.815,0,8.4625,5.035833333333334
9.75,9.5775,10.0,10.0,10.0,7.5,0,9.916666666666666,9.025833333333333
9.625,9.545,9.7,9.666666666666666,9.855,9.94,4,9.726666666666667,9.71722222222222
9.75,10.0,10.0,10.0,10.0,10.0,0,9.916666666666666,10.0
8.625,7.636666666666667,9.95,10.0,10.0,10.0,1,9.525,9.212222222222222
8.75,10.0,10.0,10.0,10.0,10.0,2,9.583333333333334,10.0
10.0,10.0,10.0,10.0,10.0,10.0,2,10.0,10.0
10.0,10.0,9.1675,10.0,10.0,10.0,3,9.7225,10.0
2.41,1.5566666666666666,0.0,0.0,6.67,5.25,2,3.026666666666667,2.2688888888888887
9.375,6.010000000000001,10.0,10.0,0.0,10.0,0,6.458333333333333,8.67
10.0,10.0,10.0,10.0,10.0,10.0,0,10.0,10.0
10.0,10.0,10.0,10.0,10.0,10.0,1,10.0,10.0
10.0,10.0,10.0,10.0,10.0,10.0,2,10.0,10.0
9.09,9.6675,9.6,10.0,10.0,10.0,0,9.563333333333333,9.889166666666666
10.0,8.78,10.0,10.0,10.0,10.0,1,10.0,9.593333333333334
4.125,5.483333333333333,0.0,8.75,10.0,0.0,0,4.708333333333333,4.7444444444444445
7.5,10.0,10.0,10.0,0.0,10.0,0,5.833333333333333,10.0
10.0,10.0,10.0,10.0,10.0,10.0,0,10.0,10.0
8.3475,7.2275,10.0,0.0,10.0,10.0,1,9.449166666666667,5.7425
10.0,10.0,10.0,10.0,10.0,10.0,2,10.0,10.0
9.375,0.0,10.0,10.0,10.0,10.0,0,9.791666666666666,6.666666666666667
2.59,1.9775,6.665,9.1675,9.285,10.0,0,6.18,7.048333333333333
10.0,8.75,10.0,10.0,9.285,9.0,2,9.761666666666667,9.25
9.7725,9.66,10.0,10.0,10.0,10.0,4,9.924166666666666,9.886666666666667
4.9575,8.6675,9.55,9.6675,7.979999999999999,10.0,0,7.495833333333333,9.445
7.1850000000000005,0.0,9.5,0.0,0.0,0.0,2,5.561666666666667,0.0
9.5625,9.835,10.0,10.0,10.0,10.0,2,9.854166666666666,9.945
8.5625,9.545,10.0,10.0,10.0,10.0,2,9.520833333333334,9.848333333333334
10.0,10.0,9.1175,0.0,10.0,10.0,0,9.705833333333333,6.666666666666667
9.875,10.0,10.0,10.0,10.0,10.0,2,9.958333333333334,10.0
9.2425,6.363333333333333,9.6,10.0,0.0,9.375,2,6.280833333333334,8.579444444444444
9.75,8.5,8.89,9.75,9.285,10.0,2,9.308333333333334,9.416666666666666
10.0,10.0,10.0,10.0,10.0,10.0,2,10.0,10.0
9.785,1.4175,9.8,10.0,10.0,8.75,0,9.861666666666666,6.7225
8.9375,8.75,10.0,10.0,10.0,10.0,1,9.645833333333334,9.583333333333334
9.6475,9.19,9.65,10.0,10.0,10.0,2,9.765833333333333,9.729999999999999
10.0,10.0,10.0,10.0,10.0,10.0,2,10.0,10.0
8.75,9.546666666666669,10.0,10.0,10.0,10.0,0,9.583333333333334,9.848888888888888
1.9575,7.0825,9.466666666666669,0.0,6.785,8.5,0,6.0697222222222225,5.194166666666667
9.1125,4.5375,10.0,10.0,9.835,9.625,3,9.649166666666668,8.054166666666667
10.0,9.9175,10.0,10.0,10.0,10.0,0,10.0,9.9725
10.0,10.0,10.0,10.0,10.0,10.0,2,10.0,10.0
9.875,2.165,9.85,0.0,6.67,2.5,0,8.798333333333334,1.555
4.7925,10.0,9.95,9.95,10.0,10.0,2,8.2475,9.983333333333333
10.0,7.84,10.0,10.0,10.0,10.0,2,10.0,9.28
10.0,10.0,10.0,10.0,10.0,10.0,0,10.0,10.0
10.0,10.0,10.0,10.0,10.0,10.0,3,10.0,10.0
8.125,10.0,10.0,10.0,10.0,10.0,2,9.375,10.0
9.8125,6.855,10.0,10.0,10.0,10.0,2,9.9375,8.951666666666666
4.2075,6.0,9.7,10.0,9.93,8.25,0,7.945833333333333,8.083333333333334
0.0,0.6766666666666667,8.335,10.0,0.0,4.25,2,2.7783333333333338,4.975555555555555
8.3975,9.9175,9.6,10.0,10.0,9.625,1,9.332500000000001,9.8475
10.0,10.0,10.0,10.0,10.0,10.0,2,10.0,10.0
9.875,10.0,10.0,10.0,10.0,10.0,1,9.958333333333334,10.0
10.0,10.0,10.0,10.0,10.0,10.0,2,10.0,10.0
10.0,10.0,10.0,10.0,9.93,10.0,2,9.976666666666667,10.0
10.0,8.545,9.5,9.65,10.0,10.0,0,9.833333333333334,9.398333333333333
10.0,10.0,10.0,10.0,10.0,10.0,1,10.0,10.0
9.875,10.0,10.0,10.0,10.0,10.0,0,9.958333333333334,10.0
9.25,0.0,8.8,9.1675,10.0,10.0,0,9.35,6.389166666666667
10.0,10.0,10.0,10.0,10.0,10.0,2,10.0,10.0
9.875,10.0,10.0,10.0,10.0,10.0,2,9.958333333333334,10.0
9.8125,9.9175,8.89,10.0,10.0,0.0,0,9.5675,6.639166666666667
10.0,10.0,10.0,10.0,10.0,10.0,0,10.0,10.0
9.875,10.0,10.0,10.0,10.0,10.0,1,9.958333333333334,10.0
10.0,10.0,10.0,10.0,10.0,10.0,2,10.0,10.0
9.22,7.48,9.85,10.0,10.0,10.0,2,9.69,9.16
6.875,9.9175,9.65,9.1675,5.0,9.375,2,7.175,9.486666666666666
10.0,9.3175,9.95,10.0,10.0,10.0,0,9.983333333333333,9.7725
10.0,10.0,10.0,10.0,10.0,10.0,1,10.0,10.0
9.875,10.0,10.0,10.0,10.0,10.0,2,9.958333333333334,10.0
9.5,10.0,9.4,10.0,10.0,10.0,2,9.633333333333333,10.0
10.0,10.0,10.0,10.0,10.0,10.0,0,10.0,10.0
9.75,9.545,9.85,10.0,10.0,10.0,0,9.866666666666667,9.848333333333334
9.785,2.0825,8.45,10.0,9.285,9.375,2,9.173333333333334,7.1525
8.1175,7.9175,9.55,9.6675,8.855,8.125,4,8.840833333333334,8.57
10.0,10.0,10.0,10.0,10.0,10.0,4,10.0,10.0
6.9725,5.665,6.6175,0.0,4.145,2.5,0,5.911666666666666,2.7216666666666662
9.875,8.2125,10.0,10.0,10.0,10.0,0,9.958333333333334,9.404166666666667
9.375,9.545,6.67,10.0,9.93,10.0,2,8.658333333333333,9.848333333333334
9.875,9.7725,9.9,9.75,10.0,10.0,1,9.924999999999999,9.840833333333334
10.0,10.0,10.0,10.0,10.0,10.0,1,10.0,10.0
9.42,9.14,10.0,10.0,10.0,10.0,1,9.806666666666667,9.713333333333333
8.75,9.7725,10.0,10.0,3.33,10.0,0,7.359999999999999,9.924166666666666
8.625,9.7725,8.799999999999999,10.0,10.0,10.0,0,9.141666666666666,9.924166666666666
10.0,10.0,9.5,10.0,10.0,10.0,0,9.833333333333334,10.0
10.0,9.295,9.95,9.85,10.0,9.94,2,9.983333333333333,9.695
9.625,10.0,10.0,10.0,10.0,10.0,1,9.875,10.0
8.4175,5.03,7.467499999999999,9.1675,8.93,5.875,0,8.271666666666667,6.690833333333334
10.0,9.295,10.0,10.0,10.0,10.0,0,10.0,9.765
9.375,10.0,10.0,10.0,10.0,10.0,0,9.791666666666666,10.0
9.875,9.7725,10.0,10.0,10.0,10.0,3,9.958333333333334,9.924166666666666
9.5,6.276666666666666,7.05,10.0,10.0,10.0,0,8.85,8.758888888888889
9.625,8.75,7.7,0.0,0.0,10.0,0,5.7749999999999995,6.25
10.0,8.94,10.0,10.0,9.57,10.0,0,9.856666666666667,9.646666666666667
10.0,10.0,10.0,10.0,10.0,10.0,1,10.0,10.0
9.75,1.4233333333333331,10.0,10.0,10.0,10.0,0,9.916666666666666,7.141111111111111
10.0,9.3175,10.0,10.0,9.93,10.0,1,9.976666666666667,9.7725
9.875,9.7725,10.0,10.0,10.0,10.0,0,9.958333333333334,9.924166666666666
9.5625,9.7725,9.85,10.0,0.0,10.0,0,6.470833333333334,9.924166666666666
9.875,10.0,10.0,10.0,10.0,10.0,2,9.958333333333334,10.0
1.665,10.0,10.0,10.0,10.0,10.0,1,7.221666666666667,10.0
9.5625,5.806666666666668,10.0,10.0,10.0,10.0,2,9.854166666666666,8.602222222222222
9.875,9.7725,9.8,10.0,10.0,10.0,0,9.891666666666667,9.924166666666666
8.235,7.223333333333334,8.2325,10.0,0.0,9.625,0,5.489166666666667,8.949444444444444
9.375,9.5825,9.75,10.0,10.0,10.0,0,9.708333333333334,9.860833333333334
9.875,9.5225,10.0,10.0,10.0,10.0,2,9.958333333333334,9.840833333333334
2.5,8.09,8.335,9.123333333333331,0.0,10.0,0,3.611666666666667,9.07111111111111
9.9375,8.067499999999999,10.0,10.0,10.0,10.0,2,9.979166666666666,9.355833333333333
10.0,10.0,10.0,10.0,10.0,10.0,2,10.0,10.0
9.875,10.0,10.0,10.0,10.0,10.0,2,9.958333333333334,10.0
8.8675,8.955,8.875,10.0,9.93,10.0,0,9.224166666666667,9.651666666666666
9.375,10.0,10.0,10.0,10.0,10.0,1,9.791666666666666,10.0
2.875,2.11,10.0,8.75,0.0,10.0,0,4.291666666666667,6.953333333333333
9.5,9.9175,9.6,10.0,10.0,10.0,0,9.700000000000001,9.9725
10.0,10.0,9.1675,8.7675,10.0,8.75,2,9.7225,9.1725
9.875,10.0,8.7675,10.0,0.0,0.0,1,6.214166666666666,6.666666666666667
8.625,8.333333333333334,9.466666666666669,10.0,10.0,10.0,0,9.363888888888889,9.444444444444445
10.0,10.0,10.0,10.0,10.0,10.0,2,10.0,10.0
10.0,10.0,10.0,10.0,10.0,10.0,0,10.0,10.0
9.9,10.0,10.0,10.0,10.0,10.0,4,9.966666666666667,10.0
9.625,8.4,10.0,10.0,10.0,10.0,0,9.875,9.466666666666667
10.0,9.85,10.0,10.0,10.0,10.0,0,10.0,9.950000000000001
9.75,10.0,10.0,10.0,10.0,10.0,2,9.916666666666666,10.0
10.0,10.0,10.0,10.0,10.0,10.0,2,10.0,10.0
10.0,9.7725,10.0,10.0,10.0,10.0,4,10.0,9.924166666666666
9.875,8.533333333333333,9.65,8.75,9.57,10.0,2,9.698333333333332,9.094444444444443
8.0975,5.5675,9.1675,10.0,10.0,9.94,2,9.088333333333333,8.5025
10.0,10.0,0.0,10.0,10.0,10.0,2,6.666666666666667,10.0
9.875,7.273333333333333,10.0,10.0,10.0,10.0,1,9.958333333333334,9.091111111111111
9.0625,9.665,10.0,10.0,10.0,10.0,2,9.6875,9.888333333333334
9.875,10.0,10.0,10.0,10.0,10.0,2,9.958333333333334,10.0
5.345,1.7866666666666668,10.0,7.776666666666666,9.48,6.0,0,8.275,5.187777777777778
9.5,8.81,7.9175,10.0,0.0,0.0,2,5.805833333333333,6.2700000000000005
10.0,10.0,9.1675,10.0,10.0,10.0,0,9.7225,10.0
9.625,9.1675,10.0,10.0,10.0,10.0,2,9.875,9.7225
8.625,10.0,0.0,9.95,9.285,0.0,2,5.97,6.6499999999999995
9.095,8.94,9.85,9.8,10.0,10.0,0,9.648333333333333,9.58
9.9375,7.25,9.6,10.0,10.0,8.375,1,9.845833333333333,8.541666666666666
6.25,10.0,9.1675,10.0,10.0,10.0,2,8.4725,10.0
9.125,9.09,9.4,8.443333333333333,0.0,8.75,2,6.175,8.761111111111111
1.36,2.556666666666666,10.0,10.0,2.93,0.0,0,4.763333333333333,4.185555555555555
10.0,10.0,10.0,10.0,10.0,10.0,2,10.0,10.0
9.4375,8.786666666666667,10.0,10.0,10.0,9.94,0,9.8125,9.575555555555555
9.1875,9.565,10.0,10.0,10.0,10.0,0,9.729166666666666,9.854999999999999
9.5,0.0,10.0,0.0,0.0,10.0,0,6.5,3.3333333333333335
10.0,5.556666666666668,10.0,10.0,10.0,10.0,0,10.0,8.51888888888889
10.0,4.5825,10.0,8.3325,7.93,10.0,0,9.31,7.638333333333333
9.5625,6.41,10.0,10.0,10.0,10.0,0,9.854166666666666,8.803333333333333
2.223333333333333,5.9175,10.0,10.0,10.0,10.0,1,7.407777777777778,8.639166666666666
10.0,6.75,9.75,7.9175,10.0,9.75,0,9.916666666666666,8.139166666666666
10.0,10.0,10.0,10.0,10.0,10.0,2,10.0,10.0
8.805,10.0,10.0,10.0,10.0,10.0,0,9.601666666666667,10.0
10.0,10.0,10.0,10.0,10.0,10.0,0,10.0,10.0
7.6575,4.585,10.0,10.0,10.0,10.0,0,9.219166666666666,8.195
6.5425,8.795,9.0,10.0,10.0,10.0,2,8.514166666666666,9.598333333333334
9.875,8.7725,10.0,9.1,0.0,5.0,0,6.625,7.624166666666667
10.0,9.545,10.0,10.0,10.0,10.0,2,10.0,9.848333333333334
9.833333333333334,7.2275,10.0,10.0,10.0,10.0,2,9.944444444444445,9.075833333333334
9.75,10.0,10.0,10.0,0.0,10.0,2,6.583333333333333,10.0
10.0,9.09,10.0,10.0,10.0,10.0,4,10.0,9.696666666666667
10.0,10.0,10.0,10.0,10.0,10.0,2,10.0,10.0
8.370000000000001,10.0,9.75,10.0,10.0,10.0,2,9.373333333333333,10.0
10.0,10.0,10.0,10.0,10.0,10.0,0,10.0,10.0
8.719999999999999,10.0,8.7175,10.0,9.57,10.0,1,9.0025,10.0
9.75,10.0,9.75,9.95,0.0,10.0,0,6.5,9.983333333333333
10.0,10.0,10.0,10.0,10.0,10.0,2,10.0,10.0
8.285,9.15,10.0,10.0,10.0,10.0,2,9.428333333333333,9.716666666666667
10.0,10.0,10.0,10.0,10.0,10.0,2,10.0,10.0
10.0,10.0,10.0,10.0,10.0,10.0,2,10.0,10.0
5.6875,0.5,10.0,10.0,10.0,10.0,0,8.5625,6.833333333333333
6.484999999999999,8.0775,7.932499999999999,10.0,9.93,9.375,0,8.115833333333333,9.150833333333333
9.875,10.0,10.0,10.0,10.0,10.0,2,9.958333333333334,10.0
10.0,10.0,10.0,10.0,10.0,10.0,0,10.0,10.0
10.0,10.0,10.0,10.0,10.0,10.0,0,10.0,10.0
9.9375,8.75,9.55,10.0,10.0,10.0,0,9.829166666666667,9.583333333333334
9.375,8.75,9.6,9.1175,10.0,10.0,0,9.658333333333333,9.289166666666667
0.0,5.91,9.9,10.0,10.0,0.0,2,6.633333333333333,5.303333333333334
10.0,7.3325,10.0,10.0,10.0,10.0,0,10.0,9.110833333333334
10.0,10.0,10.0,10.0,10.0,10.0,2,10.0,10.0
10.0,4.726666666666667,10.0,10.0,10.0,10.0,0,10.0,8.242222222222223
10.0,10.0,10.0,10.0,10.0,10.0,0,10.0,10.0
10.0,10.0,10.0,10.0,10.0,10.0,4,10.0,10.0
10.0,10.0,10.0,10.0,10.0,10.0,2,10.0,10.0
9.625,10.0,10.0,10.0,10.0,10.0,2,9.875,10.0
10.0,10.0,10.0,10.0,10.0,10.0,2,10.0,10.0
9.25,10.0,9.55,10.0,10.0,10.0,2,9.6,10.0
10.0,2.835,9.95,10.0,10.0,0.0,0,9.983333333333333,4.278333333333333
9.5225,9.4625,9.0175,9.25,5.86,0.0,0,8.133333333333333,6.2375
9.5,8.75,10.0,10.0,10.0,10.0,2,9.833333333333334,9.583333333333334
2.875,10.0,10.0,10.0,10.0,10.0,2,7.625,10.0
8.9375,9.5,9.466666666666669,10.0,10.0,9.375,0,9.468055555555557,9.625
9.875,10.0,10.0,10.0,10.0,10.0,2,9.958333333333334,10.0
10.0,8.333333333333334,10.0,10.0,10.0,9.44,2,10.0,9.257777777777777
9.375,10.0,10.0,10.0,10.0,10.0,2,9.791666666666666,10.0
10.0,10.0,10.0,10.0,10.0,10.0,3,10.0,10.0
10.0,10.0,10.0,10.0,10.0,10.0,2,10.0,10.0
9.4375,10.0,10.0,8.3325,10.0,10.0,2,9.8125,9.444166666666666
9.916666666666666,5.0,9.0175,10.0,9.785,10.0,2,9.573055555555555,8.333333333333334
8.1875,9.1675,10.0,10.0,10.0,10.0,2,9.395833333333334,9.7225
9.75,10.0,8.3325,9.9,10.0,10.0,4,9.360833333333334,9.966666666666667
9.0,9.8325,10.0,10.0,10.0,9.375,2,9.666666666666666,9.735833333333334
8.056666666666667,3.6666666666666665,9.65,8.75,10.0,10.0,0,9.235555555555555,7.472222222222221
8.1675,4.1875,10.0,10.0,10.0,10.0,1,9.389166666666666,8.0625
9.75,9.0,10.0,10.0,10.0,10.0,2,9.916666666666666,9.666666666666666
10.0,10.0,10.0,10.0,10.0,10.0,0,10.0,10.0
10.0,10.0,10.0,10.0,10.0,10.0,2,10.0,10.0
10.0,6.1075,10.0,10.0,10.0,10.0,0,10.0,8.7025
10.0,10.0,10.0,10.0,10.0,10.0,2,10.0,10.0
10.0,10.0,10.0,10.0,10.0,10.0,2,10.0,10.0
10.0,7.1225000000000005,10.0,10.0,10.0,10.0,0,10.0,9.040833333333333
10.0,10.0,10.0,10.0,10.0,10.0,2,10.0,10.0
9.875,10.0,10.0,10.0,10.0,10.0,1,9.958333333333334,10.0
10.0,10.0,10.0,10.0,10.0,10.0,4,10.0,10.0
9.625,10.0,10.0,10.0,10.0,10.0,0,9.875,10.0
9.4375,10.0,10.0,10.0,10.0,10.0,1,9.8125,10.0
10.0,9.7725,10.0,10.0,10.0,10.0,4,10.0,9.924166666666666
9.625,9.545,10.0,10.0,10.0,10.0,0,9.875,9.848333333333334
9.5,9.1675,10.0,10.0,10.0,10.0,1,9.833333333333334,9.7225
9.875,9.4325,9.8,10.0,10.0,10.0,2,9.891666666666667,9.810833333333333
10.0,10.0,10.0,10.0,10.0,10.0,2,10.0,10.0
9.625,10.0,10.0,10.0,10.0,10.0,2,9.875,10.0
9.375,2.08,10.0,10.0,10.0,10.0,0,9.791666666666666,7.359999999999999
10.0,10.0,10.0,10.0,10.0,9.94,1,10.0,9.979999999999999
9.75,10.0,0.0,10.0,10.0,9.375,2,6.583333333333333,9.791666666666666
10.0,10.0,9.75,10.0,0.0,10.0,2,6.583333333333333,10.0
10.0,10.0,10.0,10.0,10.0,10.0,2,10.0,10.0
9.75,10.0,10.0,10.0,10.0,10.0,0,9.916666666666666,10.0
8.9375,9.6675,6.365,10.0,0.0,5.25,0,5.100833333333333,8.305833333333334
10.0,10.0,10.0,10.0,10.0,10.0,4,10.0,10.0
9.875,0.0,7.7,8.35,10.0,10.0,0,9.191666666666666,6.116666666666667
9.875,9.7725,10.0,10.0,10.0,10.0,0,9.958333333333334,9.924166666666666
9.875,9.605,10.0,10.0,10.0,10.0,2,9.958333333333334,9.868333333333334
10.0,8.41,10.0,10.0,10.0,10.0,2,10.0,9.47
10.0,10.0,10.0,10.0,10.0,10.0,2,10.0,10.0
10.0,10.0,10.0,10.0,10.0,10.0,4,10.0,10.0
10.0,8.182500000000001,10.0,10.0,10.0,10.0,2,10.0,9.394166666666667
9.625,9.66,9.7,10.0,10.0,10.0,2,9.775,9.886666666666667
9.5,2.83,10.0,10.0,10.0,10.0,2,9.833333333333334,7.609999999999999
9.75,10.0,10.0,10.0,10.0,10.0,2,9.916666666666666,10.0
9.875,10.0,10.0,10.0,10.0,10.0,2,9.958333333333334,10.0
9.925,9.875,10.0,10.0,10.0,10.0,2,9.975,9.958333333333334
9.875,10.0,10.0,10.0,0.0,10.0,2,6.625,10.0
10.0,10.0,10.0,10.0,10.0,10.0,3,10.0,10.0
0.0,0.0,9.7,8.0825,10.0,8.625,0,6.566666666666666,5.569166666666667
9.625,10.0,10.0,10.0,10.0,10.0,0,9.875,10.0
8.1175,10.0,10.0,10.0,10.0,10.0,0,9.3725,10.0
5.2525,9.25,9.6,9.6675,10.0,9.375,3,8.284166666666666,9.430833333333334
8.305,10.0,8.6675,10.0,9.12,10.0,0,8.6975,10.0
9.625,9.8325,10.0,10.0,10.0,10.0,0,9.875,9.944166666666666
7.625,10.0,10.0,10.0,10.0,8.375,1,9.208333333333334,9.458333333333334
9.75,10.0,10.0,10.0,0.0,10.0,2,6.583333333333333,10.0
9.875,10.0,10.0,10.0,10.0,10.0,0,9.958333333333334,10.0
7.9175,10.0,10.0,10.0,10.0,8.0,0,9.305833333333334,9.333333333333334
9.0,9.9175,10.0,10.0,10.0,10.0,0,9.666666666666666,9.9725
6.4575,8.9775,10.0,10.0,10.0,10.0,2,8.819166666666666,9.659166666666666
10.0,10.0,10.0,10.0,10.0,10.0,2,10.0,10.0
6.4175,4.3133333333333335,8.2675,10.0,10.0,9.375,0,8.228333333333333,7.896111111111111
9.625,9.8875,10.0,10.0,10.0,10.0,2,9.875,9.9625
10.0,6.3925,0.0,10.0,10.0,10.0,0,6.666666666666667,8.7975
7.5,8.75,10.0,10.0,10.0,10.0,0,9.166666666666666,9.583333333333334
10.0,3.9175,10.0,9.1675,10.0,9.375,0,10.0,7.486666666666667
9.5,10.0,10.0,10.0,10.0,10.0,0,9.833333333333334,10.0
7.1875,10.0,10.0,10.0,10.0,10.0,0,9.0625,10.0
9.625,9.0825,9.85,10.0,10.0,10.0,4,9.825000000000001,9.694166666666666
9.875,10.0,10.0,10.0,10.0,10.0,2,9.958333333333334,10.0
10.0,10.0,10.0,10.0,10.0,10.0,2,10.0,10.0
10.0,10.0,10.0,10.0,10.0,10.0,2,10.0,10.0
7.0,5.926666666666667,6.67,10.0,10.0,10.0,1,7.890000000000001,8.642222222222221
6.23,9.393333333333333,6.67,0.0,10.0,10.0,0,7.633333333333333,6.464444444444443
9.875,10.0,10.0,10.0,10.0,10.0,1,9.958333333333334,10.0
10.0,10.0,10.0,10.0,10.0,9.375,2,10.0,9.791666666666666
9.375,10.0,10.0,10.0,10.0,10.0,0,9.791666666666666,10.0
10.0,10.0,10.0,10.0,10.0,0.0,0,10.0,6.666666666666667
5.8325,8.895,10.0,0.0,10.0,0.0,1,8.610833333333334,2.965
9.375,5.706666666666667,10.0,10.0,8.57,9.375,2,9.315,8.360555555555555
10.0,9.545,10.0,10.0,10.0,10.0,1,10.0,9.848333333333334
10.0,10.0,10.0,10.0,10.0,10.0,4,10.0,10.0
9.5,10.0,10.0,10.0,0.0,10.0,2,6.5,10.0
10.0,7.8725,10.0,9.1675,0.0,0.0,2,6.666666666666667,5.68
10.0,10.0,10.0,10.0,9.93,10.0,0,9.976666666666667,10.0
7.875,9.235,10.0,10.0,10.0,10.0,1,9.291666666666666,9.745
10.0,10.0,10.0,10.0,10.0,10.0,0,10.0,10.0
2.0275,1.265,8.89,10.0,10.0,10.0,0,6.9725,7.088333333333334
10.0,10.0,10.0,10.0,10.0,10.0,2,10.0,10.0
9.875,10.0,9.6,10.0,10.0,10.0,0,9.825000000000001,10.0
9.875,10.0,0.0,10.0,10.0,10.0,2,6.625,10.0
10.0,10.0,10.0,0.0,10.0,10.0,2,10.0,6.666666666666667
9.75,10.0,10.0,10.0,10.0,10.0,2,9.916666666666666,10.0
9.375,9.7725,10.0,10.0,10.0,10.0,1,9.791666666666666,9.924166666666666
4.9875,10.0,8.335,7.109999999999999,10.0,10.0,2,7.774166666666667,9.036666666666667
9.875,4.0,10.0,10.0,9.215,10.0,0,9.696666666666667,8.0
7.035,0.9433333333333334,8.1,10.0,6.904999999999999,10.0,0,7.346666666666667,6.981111111111112
6.68,8.3625,10.0,10.0,10.0,10.0,3,8.893333333333333,9.454166666666667
9.75,10.0,10.0,10.0,10.0,10.0,2,9.916666666666666,10.0
9.875,9.75,10.0,10.0,0.0,10.0,2,6.625,9.916666666666666
9.375,10.0,10.0,10.0,10.0,10.0,0,9.791666666666666,10.0
9.875,6.1675,8.89,10.0,8.93,0.0,0,9.231666666666667,5.389166666666667
8.625,9.7725,10.0,10.0,8.57,10.0,1,9.065,9.924166666666666
10.0,10.0,10.0,10.0,10.0,10.0,2,10.0,10.0
9.875,8.3325,9.85,10.0,9.285,10.0,2,9.67,9.444166666666666
8.75,2.1675,10.0,10.0,9.835,4.625,2,9.528333333333334,5.5975
10.0,7.223333333333334,10.0,10.0,10.0,10.0,2,10.0,9.074444444444444
0.375,0.96,7.3,10.0,10.0,5.25,0,5.891666666666667,5.403333333333333
10.0,10.0,10.0,10.0,10.0,10.0,2,10.0,10.0
10.0,10.0,10.0,10.0,10.0,10.0,2,10.0,10.0
9.875,9.295,8.4675,9.85,9.715,10.0,0,9.352500000000001,9.715
9.25,5.556666666666668,10.0,6.1675,10.0,10.0,0,9.75,7.241388888888889
9.125,3.835,9.5,10.0,9.57,0.0,2,9.398333333333333,4.611666666666667
9.5,10.0,10.0,10.0,10.0,10.0,1,9.833333333333334,10.0
10.0,10.0,10.0,10.0,10.0,10.0,2,10.0,10.0
9.875,2.4533333333333336,9.55,10.0,9.835,10.0,0,9.753333333333334,7.484444444444445
10.0,7.5,10.0,10.0,10.0,10.0,0,10.0,9.166666666666666
9.75,10.0,8.8,8.4525,10.0,9.94,0,9.516666666666667,9.464166666666666
9.0625,10.0,9.85,9.5,9.285,10.0,1,9.399166666666668,9.833333333333334
10.0,0.11,10.0,10.0,0.0,10.0,2,6.666666666666667,6.703333333333333
8.625,8.335,10.0,9.1675,10.0,10.0,2,9.541666666666666,9.1675
9.625,10.0,10.0,10.0,0.0,10.0,2,6.541666666666667,10.0
8.5,3.7925,10.0,10.0,10.0,10.0,1,9.5,7.930833333333333
9.875,9.7725,10.0,10.0,10.0,10.0,2,9.958333333333334,9.924166666666666
10.0,0.5,10.0,10.0,10.0,10.0,2,10.0,6.833333333333333
8.7375,8.295,8.335,10.0,10.0,10.0,0,9.024166666666668,9.431666666666667
9.875,1.97,10.0,10.0,10.0,10.0,2,9.958333333333334,7.323333333333333
9.66,8.795,10.0,10.0,10.0,10.0,1,9.886666666666667,9.598333333333334
5.98,9.546666666666669,0.0,10.0,0.0,2.75,0,1.9933333333333334,7.432222222222222
9.0,8.7875,10.0,10.0,9.57,9.375,0,9.523333333333333,9.387500000000001
7.125,9.85,9.5,10.0,10.0,10.0,2,8.875,9.950000000000001
9.875,10.0,10.0,10.0,10.0,10.0,4,9.958333333333334,10.0
9.75,9.545,10.0,8.25,10.0,10.0,1,9.916666666666666,9.265
10.0,10.0,10.0,10.0,10.0,10.0,2,10.0,10.0
8.469999999999999,8.120000000000001,9.6,10.0,9.57,9.625,0,9.213333333333333,9.248333333333333
10.0,8.8625,10.0,10.0,10.0,10.0,1,10.0,9.620833333333334
3.84,0.8733333333333334,8.335,10.0,0.0,7.75,2,4.058333333333334,6.207777777777778
10.0,9.5775,10.0,10.0,10.0,10.0,2,10.0,9.859166666666667
10.0,9.5775,9.75,10.0,10.0,10.0,2,9.916666666666666,9.859166666666667
5.293333333333333,8.7075,9.65,9.55,10.0,10.0,0,8.314444444444446,9.419166666666667
6.6875,6.5,10.0,0.0,7.689999999999999,9.375,0,8.125833333333333,5.291666666666667
7.125,9.85,9.666666666666666,10.0,10.0,10.0,2,8.930555555555555,9.950000000000001
10.0,10.0,10.0,10.0,10.0,10.0,2,10.0,10.0
9.75,10.0,10.0,10.0,10.0,10.0,0,9.916666666666666,10.0
5.1175,5.9025,10.0,10.0,10.0,10.0,0,8.3725,8.634166666666667
9.0575,8.195,9.6,10.0,10.0,10.0,1,9.5525,9.398333333333333
7.375,0.0,0.0,8.75,10.0,10.0,0,5.791666666666667,6.25
9.7725,9.805,10.0,10.0,10.0,10.0,2,9.924166666666666,9.935
9.75,10.0,9.6,10.0,10.0,10.0,1,9.783333333333333,10.0
10.0,10.0,10.0,10.0,10.0,10.0,2,10.0,10.0
10.0,9.9175,10.0,10.0,0.0,10.0,1,6.666666666666667,9.9725
3.875,9.205,8.335,10.0,10.0,10.0,0,7.403333333333333,9.735
10.0,10.0,10.0,10.0,10.0,10.0,0,10.0,10.0
8.4925,9.7725,7.776666666666666,10.0,10.0,10.0,0,8.756388888888889,9.924166666666666
9.25,2.75,10.0,10.0,10.0,0.0,4,9.75,4.25
10.0,10.0,10.0,10.0,10.0,10.0,2,10.0,10.0
10.0,4.327500000000001,10.0,10.0,10.0,10.0,0,10.0,8.109166666666667
6.7925,5.0425,10.0,10.0,10.0,10.0,0,8.930833333333334,8.3475
8.125,7.7275,9.1675,10.0,7.145,8.75,0,8.145833333333334,8.825833333333334
9.875,9.3175,9.1675,10.0,10.0,10.0,2,9.680833333333334,9.7725
9.875,10.0,0.0,0.0,10.0,10.0,1,6.625,6.666666666666667
4.7075,4.443333333333333,8.1175,8.7175,6.69,10.0,0,6.505,7.720277777777778
5.5,10.0,10.0,10.0,10.0,10.0,3,8.5,10.0
10.0,10.0,9.1675,10.0,10.0,10.0,2,9.7225,10.0
10.0,9.7725,10.0,10.0,10.0,10.0,0,10.0,9.924166666666666
10.0,9.69,10.0,10.0,10.0,10.0,0,10.0,9.896666666666667
10.0,10.0,10.0,10.0,10.0,10.0,4,10.0,10.0
10.0,10.0,10.0,10.0,10.0,9.94,3,10.0,9.979999999999999
9.125,5.04,8.8,10.0,10.0,10.0,1,9.308333333333334,8.346666666666666
10.0,10.0,10.0,10.0,10.0,10.0,0,10.0,10.0
10.0,10.0,10.0,10.0,10.0,10.0,2,10.0,10.0
6.325,7.423333333333333,9.1175,10.0,10.0,10.0,0,8.480833333333333,9.14111111111111
10.0,10.0,10.0,10.0,8.335,10.0,1,9.445,10.0
9.75,10.0,10.0,10.0,10.0,10.0,4,9.916666666666666,10.0
10.0,10.0,9.466666666666669,10.0,10.0,10.0,0,9.822222222222223,10.0
6.665,9.9175,10.0,10.0,10.0,10.0,2,8.888333333333334,9.9725
6.67,10.0,9.1675,10.0,10.0,10.0,0,8.612499999999999,10.0
5.45,9.9175,10.0,10.0,10.0,10.0,0,8.483333333333333,9.9725
9.875,9.69,9.6,10.0,9.93,10.0,4,9.801666666666668,9.896666666666667
10.0,10.0,10.0,10.0,10.0,10.0,1,10.0,10.0
10.0,10.0,10.0,10.0,10.0,10.0,2,10.0,10.0
0.0,0.725,9.35,10.0,5.715,9.75,0,5.0216666666666665,6.825
8.6125,9.9175,9.55,10.0,10.0,9.375,2,9.387500000000001,9.764166666666666
9.625,8.0,10.0,10.0,9.835,10.0,1,9.82,9.333333333333334
9.0,8.75,0.0,10.0,10.0,10.0,2,6.333333333333333,9.583333333333334
0.3,0.0,10.0,0.0,10.0,0.0,0,6.766666666666667,0.0
9.75,10.0,9.55,10.0,8.0,10.0,0,9.1,10.0
9.875,2.165,9.85,0.0,8.120000000000001,3.5,1,9.281666666666668,1.8883333333333334
9.625,9.4325,9.55,10.0,10.0,10.0,3,9.725,9.810833333333333
9.875,10.0,9.6,10.0,9.785,10.0,1,9.753333333333334,10.0
10.0,9.333333333333334,10.0,10.0,10.0,10.0,2,10.0,9.777777777777779
10.0,10.0,10.0,10.0,10.0,10.0,2,10.0,10.0
10.0,9.75,10.0,10.0,10.0,10.0,2,10.0,9.916666666666666
10.0,10.0,10.0,10.0,10.0,10.0,1,10.0,10.0
9.875,9.9175,10.0,10.0,10.0,10.0,2,9.958333333333334,9.9725
9.875,0.0,9.05,9.1675,10.0,10.0,2,9.641666666666667,6.389166666666667
1.8275,9.7725,9.75,10.0,10.0,10.0,0,7.1925,9.924166666666666
9.875,8.955,10.0,10.0,10.0,10.0,2,9.958333333333334,9.651666666666666
9.875,7.5,10.0,10.0,0.0,7.5,2,6.625,8.333333333333334
10.0,9.4325,10.0,10.0,10.0,10.0,2,10.0,9.810833333333333
8.5,8.2725,0.0,6.665,0.0,0.0,0,2.8333333333333335,4.979166666666667
10.0,10.0,10.0,10.0,10.0,10.0,2,10.0,10.0
9.75,10.0,10.0,10.0,10.0,10.0,0,9.916666666666666,10.0
9.25,7.4625,10.0,10.0,10.0,10.0,2,9.75,9.154166666666667
7.5,8.9775,9.55,10.0,10.0,10.0,2,9.016666666666667,9.659166666666666
10.0,10.0,10.0,10.0,10.0,10.0,3,10.0,10.0
10.0,8.03,9.7,10.0,0.0,0.0,0,6.566666666666666,6.010000000000001
9.9375,10.0,9.6,9.6175,9.57,10.0,2,9.7025,9.8725
5.166666666666667,8.6375,9.533333333333331,10.0,10.0,10.0,0,8.233333333333333,9.545833333333333
6.375,8.055,9.65,0.0,0.0,10.0,0,5.341666666666666,6.0183333333333335
9.875,9.1675,9.1675,10.0,10.0,0.0,2,9.680833333333334,6.389166666666667
9.9375,2.7566666666666664,9.85,10.0,10.0,10.0,1,9.929166666666667,7.585555555555556
0.0,9.9175,9.55,10.0,10.0,10.0,0,6.516666666666667,9.9725
10.0,10.0,10.0,10.0,10.0,10.0,2,10.0,10.0
6.5675,4.166666666666667,10.0,10.0,10.0,10.0,0,8.855833333333333,8.055555555555555
8.23,10.0,9.666666666666666,10.0,8.645,8.125,2,8.847222222222223,9.375
10.0,10.0,10.0,10.0,10.0,10.0,2,10.0,10.0
10.0,10.0,9.1675,10.0,10.0,10.0,0,9.7225,10.0
9.5,9.9175,9.1675,10.0,0.0,10.0,2,6.2225,9.9725
8.625,9.7725,9.6,10.0,9.285,10.0,2,9.17,9.924166666666666
10.0,10.0,10.0,10.0,10.0,10.0,2,10.0,10.0
10.0,10.0,10.0,10.0,10.0,10.0,2,10.0,10.0
10.0,10.0,10.0,10.0,10.0,10.0,2,10.0,10.0
10.0,10.0,10.0,10.0,10.0,10.0,2,10.0,10.0
10.0,10.0,10.0,10.0,10.0,10.0,2,10.0,10.0
10.0,10.0,10.0,10.0,10.0,10.0,2,10.0,10.0
10.0,10.0,10.0,10.0,10.0,10.0,2,10.0,10.0
10.0,10.0,10.0,10.0,10.0,10.0,2,10.0,10.0
10.0,10.0,10.0,10.0,10.0,10.0,2,10.0,10.0
10.0,10.0,10.0,10.0,10.0,10.0,2,10.0,10.0
10.0,10.0,10.0,10.0,10.0,10.0,2,10.0,10.0
10.0,10.0,10.0,10.0,10.0,10.0,2,10.0,10.0
10.0,10.0,10.0,10.0,10.0,10.0,2,10.0,10.0
10.0,10.0,10.0,10.0,10.0,10.0,2,10.0,10.0
10.0,10.0,10.0,10.0,10.0,10.0,2,10.0,10.0
10.0,10.0,10.0,10.0,10.0,10.0,2,10.0,10.0
6.2925,10.0,10.0,10.0,0.0,0.0,0,5.430833333333333,6.666666666666667
7.74,7.5,10.0,10.0,0.0,9.815,1,5.913333333333334,9.104999999999999
10.0,10.0,10.0,10.0,10.0,10.0,4,10.0,10.0
10.0,9.545,8.6,10.0,10.0,10.0,1,9.533333333333333,9.848333333333334
0.375,4.455,0.0,7.933333333333334,0.0,9.375,1,0.125,7.254444444444445
9.875,9.1225,10.0,10.0,9.86,10.0,2,9.911666666666667,9.707500000000001
9.75,10.0,10.0,10.0,10.0,9.375,1,9.916666666666666,9.791666666666666
0.0,2.1666666666666665,6.67,10.0,0.0,0.0,0,2.223333333333333,4.055555555555555
9.875,9.1675,9.1675,10.0,10.0,10.0,2,9.680833333333334,9.7225
10.0,10.0,9.5,10.0,10.0,10.0,3,9.833333333333334,10.0
8.215,9.8875,10.0,10.0,10.0,10.0,0,9.405,9.9625
9.875,9.3325,9.25,10.0,10.0,10.0,0,9.708333333333334,9.7775
6.666666666666667,0.0,0.0,0.0,0.0,2.0,0,2.2222222222222223,0.6666666666666666
9.833333333333334,10.0,10.0,10.0,0.0,10.0,2,6.611111111111112,10.0
9.875,5.556666666666668,8.75,7.5566666666666675,10.0,10.0,0,9.541666666666666,7.704444444444445
9.75,9.7725,9.65,10.0,10.0,10.0,0,9.799999999999999,9.924166666666666
6.125,5.0,8.89,10.0,10.0,10.0,2,8.338333333333333,8.333333333333334
10.0,9.0375,10.0,10.0,10.0,10.0,0,10.0,9.679166666666667
6.25,5.253333333333333,0.0,0.0,0.0,0.0,2,2.0833333333333335,1.751111111111111
10.0,10.0,10.0,10.0,10.0,10.0,0,10.0,10.0
9.75,10.0,8.335,10.0,10.0,10.0,2,9.361666666666666,10.0
10.0,10.0,10.0,10.0,10.0,10.0,3,10.0,10.0
9.875,9.4325,0.0,10.0,10.0,10.0,0,6.625,9.810833333333333
10.0,10.0,10.0,10.0,10.0,10.0,2,10.0,10.0
10.0,8.75,10.0,10.0,10.0,10.0,2,10.0,9.583333333333334
0.0,0.2233333333333333,0.0,0.0,0.0,0.0,0,0.0,0.07444444444444444
10.0,9.205,10.0,10.0,10.0,9.5,0,10.0,9.568333333333333
9.0,7.223333333333334,9.95,10.0,10.0,10.0,0,9.65,9.074444444444444
9.875,9.75,9.6,9.6675,0.0,7.5,0,6.491666666666667,8.9725
10.0,10.0,10.0,10.0,10.0,10.0,2,10.0,10.0
9.75,8.94,8.335,10.0,9.57,10.0,0,9.218333333333334,9.646666666666667
10.0,10.0,10.0,10.0,10.0,10.0,2,10.0,10.0
10.0,1.99,10.0,10.0,10.0,10.0,2,10.0,7.330000000000001
8.0,10.0,9.95,10.0,10.0,9.375,0,9.316666666666666,9.791666666666666
9.875,10.0,10.0,10.0,10.0,9.44,2,9.958333333333334,9.813333333333333
6.6675,10.0,10.0,10.0,10.0,10.0,2,8.889166666666666,10.0
9.875,8.75,10.0,10.0,10.0,10.0,2,9.958333333333334,9.583333333333334
10.0,10.0,10.0,10.0,10.0,10.0,2,10.0,10.0
7.375,10.0,10.0,10.0,8.645,10.0,0,8.673333333333334,10.0
7.375,10.0,10.0,10.0,8.645,10.0,0,8.673333333333334,10.0
7.375,10.0,10.0,10.0,8.645,10.0,0,8.673333333333334,10.0
7.375,10.0,10.0,10.0,8.645,10.0,0,8.673333333333334,10.0
7.375,10.0,10.0,10.0,8.645,10.0,0,8.673333333333334,10.0
7.375,10.0,10.0,10.0,8.645,10.0,0,8.673333333333334,10.0
7.375,10.0,10.0,10.0,8.645,10.0,0,8.673333333333334,10.0
7.375,10.0,10.0,10.0,8.645,10.0,0,8.673333333333334,10.0
7.375,10.0,10.0,10.0,8.645,10.0,0,8.673333333333334,10.0
7.375,10.0,10.0,10.0,8.645,10.0,0,8.673333333333334,10.0
7.375,10.0,10.0,10.0,8.645,10.0,0,8.673333333333334,10.0
7.375,10.0,10.0,10.0,8.645,10.0,0,8.673333333333334,10.0
7.375,10.0,10.0,10.0,8.645,10.0,0,8.673333333333334,10.0
7.375,10.0,10.0,10.0,8.645,10.0,0,8.673333333333334,10.0
7.375,10.0,10.0,10.0,8.645,10.0,0,8.673333333333334,10.0
7.375,10.0,10.0,10.0,8.645,10.0,0,8.673333333333334,10.0
0.0,9.833333333333334,9.666666666666666,10.0,9.93,10.0,1,6.532222222222221,9.944444444444445
5.859999999999999,4.0,9.55,10.0,9.665,10.0,0,8.358333333333333,8.0
4.875,1.11,0.0,0.0,0.0,0.0,0,1.625,0.37000000000000005
0.45,0.3333333333333333,9.1675,10.0,10.0,10.0,0,6.539166666666667,6.777777777777779
9.145,7.6125,10.0,10.0,10.0,10.0,0,9.715,9.204166666666667
9.37,8.3725,10.0,9.3675,10.0,10.0,2,9.79,9.246666666666668
9.8125,9.8325,9.85,10.0,8.785,10.0,0,9.4825,9.944166666666666
0.0,2.875,8.7675,9.8325,0.0,8.75,2,2.9225,7.1525
10.0,10.0,10.0,10.0,10.0,0.0,2,10.0,6.666666666666667
10.0,0.0,8.335,10.0,0.0,10.0,2,6.111666666666667,6.666666666666667
10.0,10.0,10.0,10.0,10.0,10.0,0,10.0,10.0
10.0,10.0,10.0,10.0,10.0,10.0,0,10.0,10.0
10.0,10.0,10.0,10.0,10.0,10.0,0,10.0,10.0
10.0,10.0,10.0,10.0,10.0,10.0,0,10.0,10.0
10.0,10.0,10.0,10.0,10.0,10.0,0,10.0,10.0
10.0,10.0,10.0,10.0,10.0,10.0,0,10.0,10.0
10.0,10.0,10.0,10.0,10.0,10.0,0,10.0,10.0
10.0,10.0,10.0,10.0,10.0,10.0,0,10.0,10.0
10.0,10.0,10.0,10.0,10.0,10.0,0,10.0,10.0
10.0,10.0,10.0,10.0,10.0,10.0,0,10.0,10.0
10.0,10.0,10.0,10.0,10.0,10.0,0,10.0,10.0
10.0,10.0,10.0,10.0,10.0,10.0,0,10.0,10.0
10.0,10.0,10.0,10.0,10.0,10.0,0,10.0,10.0
10.0,10.0,10.0,10.0,10.0,10.0,0,10.0,10.0
10.0,10.0,10.0,10.0,10.0,10.0,0,10.0,10.0
10.0,10.0,10.0,10.0,10.0,10.0,0,10.0,10.0
9.25,9.22,9.5,8.9175,10.0,10.0,2,9.583333333333334,9.379166666666668
9.875,10.0,10.0,10.0,10.0,10.0,0,9.958333333333334,10.0
8.75,10.0,10.0,10.0,10.0,10.0,2,9.583333333333334,10.0
6.9425,8.3275,6.67,10.0,9.93,10.0,0,7.8475,9.4425
0.0,3.72,0.0,6.109999999999999,6.715,10.0,0,2.2383333333333333,6.609999999999999
9.875,10.0,10.0,10.0,10.0,10.0,2,9.958333333333334,10.0
9.4375,0.0,8.7675,10.0,10.0,10.0,0,9.401666666666666,6.666666666666667
10.0,10.0,10.0,10.0,10.0,10.0,2,10.0,10.0
10.0,10.0,10.0,10.0,10.0,10.0,0,10.0,10.0
8.192499999999999,2.955,8.335,10.0,0.0,0.0,2,5.509166666666666,4.318333333333333
9.875,9.8325,9.9,10.0,10.0,9.375,0,9.924999999999999,9.735833333333334
8.9475,8.145,9.9,10.0,9.57,10.0,2,9.4725,9.381666666666666
0.3333333333333333,9.9175,10.0,9.95,10.0,10.0,2,6.777777777777779,9.955833333333333
8.675,8.213333333333333,9.75,10.0,10.0,10.0,4,9.475,9.404444444444444
4.16,7.253333333333333,8.25,10.0,8.05,9.25,1,6.82,8.834444444444445
9.875,10.0,10.0,10.0,10.0,10.0,0,9.958333333333334,10.0
7.87,10.0,10.0,10.0,10.0,10.0,1,9.290000000000001,10.0
9.875,10.0,10.0,10.0,10.0,10.0,0,9.958333333333334,10.0
9.375,9.75,10.0,10.0,10.0,10.0,2,9.791666666666666,9.916666666666666
9.875,9.9175,9.5,10.0,0.0,0.0,0,6.458333333333333,6.639166666666667
10.0,8.875,10.0,10.0,10.0,10.0,2,10.0,9.625
10.0,9.7725,10.0,10.0,10.0,10.0,2,10.0,9.924166666666666
9.75,10.0,0.0,10.0,9.57,10.0,0,6.44,10.0
9.5,9.1675,0.0,10.0,8.57,8.125,2,6.023333333333333,9.0975
9.0,10.0,10.0,10.0,10.0,10.0,1,9.666666666666666,10.0
10.0,10.0,10.0,10.0,10.0,10.0,0,10.0,10.0
0.0,2.333333333333333,7.5175,6.166666666666667,0.0,5.25,2,2.5058333333333334,4.583333333333333
2.2033333333333336,7.359999999999999,9.95,10.0,10.0,10.0,1,7.384444444444444,9.12
9.875,9.6675,9.85,10.0,9.57,9.125,2,9.765,9.5975
0.0,0.0,0.0,0.0,0.0,4.5,0,0.0,1.5
7.2,0.0,9.1175,10.0,10.0,10.0,2,8.772499999999999,6.666666666666667
0.0,2.915,9.6,10.0,9.785,8.125,2,6.461666666666666,7.013333333333333
9.166666666666666,0.0,10.0,0.0,10.0,10.0,2,9.722222222222221,3.3333333333333335
6.995,7.7275,8.15,9.866666666666667,10.0,0.0,0,8.381666666666666,5.864722222222222
3.5,4.443333333333333,8.335,10.0,10.0,10.0,0,7.278333333333333,8.147777777777778
6.67,8.4025,9.8,10.0,10.0,10.0,1,8.823333333333332,9.4675
10.0,10.0,10.0,10.0,0.0,10.0,2,6.666666666666667,10.0
4.166666666666667,9.9175,6.67,10.0,0.0,10.0,2,3.612222222222222,9.9725
9.75,9.2425,10.0,10.0,9.93,10.0,3,9.893333333333333,9.7475
9.875,10.0,0.0,10.0,5.0,0.0,2,4.958333333333333,6.666666666666667
0.0,2.255,6.665,6.109999999999999,0.0,7.5,1,2.2216666666666667,5.288333333333333
10.0,10.0,10.0,10.0,0.0,10.0,2,6.666666666666667,10.0
10.0,10.0,9.1675,10.0,10.0,10.0,2,9.7225,10.0
10.0,10.0,10.0,10.0,0.0,10.0,0,6.666666666666667,10.0
10.0,10.0,9.466666666666669,10.0,10.0,10.0,1,9.822222222222223,10.0
6.67,7.9175,9.6,9.95,0.0,10.0,2,5.423333333333333,9.289166666666667
10.0,9.7725,10.0,9.6675,10.0,0.0,2,10.0,6.48
6.25,7.1975,8.7675,7.7,8.855,7.125,0,7.9575000000000005,7.340833333333333
9.75,10.0,10.0,10.0,0.0,10.0,2,6.583333333333333,10.0
9.875,9.4175,10.0,9.9,10.0,9.94,4,9.958333333333334,9.7525
2.96,2.5,0.0,9.95,0.0,0.0,0,0.9866666666666667,4.1499999999999995
9.875,10.0,10.0,0.0,10.0,10.0,4,9.958333333333334,6.666666666666667
8.925,6.65,9.933333333333334,0.0,10.0,9.75,2,9.619444444444445,5.466666666666666
9.5,9.7725,10.0,10.0,10.0,10.0,0,9.833333333333334,9.924166666666666
10.0,0.0,10.0,10.0,0.0,0.0,0,6.666666666666667,3.3333333333333335
9.666666666666666,9.1675,9.75,10.0,0.0,0.25,0,6.472222222222221,6.4725
9.75,9.9175,9.85,10.0,10.0,10.0,2,9.866666666666667,9.9725
5.6925,4.0,10.0,10.0,10.0,10.0,2,8.564166666666667,8.0
9.875,10.0,10.0,10.0,10.0,10.0,2,9.958333333333334,10.0
10.0,9.205,10.0,10.0,10.0,10.0,2,10.0,9.735
9.3125,0.0,10.0,0.0,0.0,2.5,2,6.4375,0.8333333333333334
10.0,10.0,0.0,0.0,10.0,0.0,0,6.666666666666667,3.3333333333333335
4.766666666666667,5.890000000000001,8.89,10.0,8.120000000000001,7.625,0,7.258888888888889,7.838333333333334
10.0,9.3175,10.0,9.8325,10.0,6.875,2,10.0,8.674999999999999
0.375,8.41,10.0,10.0,10.0,10.0,2,6.791666666666667,9.47
9.375,10.0,10.0,10.0,10.0,10.0,0,9.791666666666666,10.0
10.0,10.0,10.0,0.0,10.0,10.0,2,10.0,6.666666666666667
9.5225,9.1675,9.6,0.0,9.645,10.0,1,9.589166666666667,6.389166666666667
9.875,10.0,0.0,10.0,10.0,10.0,0,6.625,10.0
8.4375,6.556666666666668,10.0,9.0,0.0,0.0,0,6.145833333333333,5.185555555555556
10.0,10.0,10.0,10.0,10.0,9.94,1,10.0,9.979999999999999
2.1025,0.0,8.335,10.0,3.33,9.375,0,4.589166666666666,6.458333333333333
10.0,9.1675,10.0,10.0,10.0,0.0,2,10.0,6.389166666666667
9.375,9.5825,9.5,10.0,10.0,9.94,0,9.625,9.840833333333334
10.0,0.0,10.0,10.0,8.645,10.0,2,9.548333333333334,6.666666666666667
9.625,6.666666666666667,9.55,9.223333333333334,0.0,7.75,2,6.391666666666667,7.88
10.0,0.0,10.0,0.0,0.0,0.0,1,6.666666666666667,0.0
6.125,0.0,0.0,0.0,7.145,0.0,0,4.423333333333333,0.0
9.25,9.5225,9.55,10.0,0.0,2.5,0,6.266666666666667,7.340833333333333
10.0,10.0,10.0,10.0,10.0,10.0,0,10.0,10.0
9.875,9.8875,10.0,10.0,10.0,10.0,3,9.958333333333334,9.9625
3.33,4.666666666666667,7.776666666666666,10.0,0.0,0.0,4,3.702222222222222,4.888888888888889
3.6666666666666665,7.333333333333333,10.0,0.0,4.67,2.5,0,6.112222222222222,3.2777777777777772
0.0,0.0825,0.35,0.0,0.0,0.0,0,0.11666666666666665,0.0275
0.0,7.59,6.67,10.0,0.0,0.25,0,2.223333333333333,5.946666666666666
0.0,6.666666666666667,10.0,9.95,10.0,10.0,0,6.666666666666667,8.872222222222222
0.0,5.0,0.0,10.0,0.0,0.0,0,0.0,5.0
0.0,1.6666666666666667,9.5,9.5,0.0,0.0,0,3.1666666666666665,3.722222222222222
0.0,9.8325,10.0,0.0,0.0,7.5,0,3.3333333333333335,5.7775
0.0,8.586666666666666,10.0,10.0,10.0,9.375,2,6.666666666666667,9.320555555555556
10.0,8.44,0.0,10.0,0.0,7.5,1,3.3333333333333335,8.646666666666667
0.0,10.0,10.0,10.0,10.0,0.0,2,6.666666666666667,6.666666666666667
0.0,1.82,9.1,8.6675,0.0,6.25,2,3.033333333333333,5.579166666666667
0.0,9.69,0.0,0.0,0.0,0.0,0,0.0,3.23
0.0,10.0,10.0,10.0,10.0,5.0,0,6.666666666666667,8.333333333333334
0.0,10.0,10.0,9.6675,0.0,2.5,0,3.3333333333333335,7.389166666666667
0.0,1.11,9.85,10.0,9.285,10.0,0,6.378333333333333,7.036666666666666
0.0,10.0,7.0825,10.0,0.0,10.0,2,2.3608333333333333,10.0
0.0,0.3333333333333333,0.0,9.95,10.0,8.0,3,3.3333333333333335,6.094444444444444
0.0,9.605,9.7,9.1175,9.57,10.0,3,6.423333333333333,9.574166666666667
0.0,9.605,9.7,9.1675,9.57,10.0,3,6.423333333333333,9.590833333333334
0.0,5.755,10.0,10.0,10.0,10.0,0,6.666666666666667,8.584999999999999
0.0,6.109999999999999,0.0,8.7825,0.0,10.0,1,0.0,8.2975
0.0,0.0,0.0,0.0,0.0,0.0,0,0.0,0.0
1.5,0.0,0.0,8.823333333333332,10.0,8.75,1,3.8333333333333335,5.857777777777777
0.0,9.205,8.7675,10.0,10.0,10.0,0,6.2558333333333325,9.735
0.0,0.0,6.67,10.0,0.0,10.0,2,2.223333333333333,6.666666666666667
0.0,10.0,10.0,0.0,0.0,7.75,2,3.3333333333333335,5.916666666666667
0.0,10.0,8.0325,10.0,10.0,10.0,0,6.010833333333333,10.0
6.0,10.0,10.0,10.0,10.0,10.0,2,8.666666666666666,10.0
0.0,9.7725,0.0,0.0,0.0,0.0,0,0.0,3.2575000000000003
0.0,8.985,9.5,10.0,8.145,9.815,3,5.881666666666667,9.6
0.0,8.75,10.0,10.0,10.0,9.75,2,6.666666666666667,9.5
0.0,5.166666666666667,0.0,0.0,0.0,0.0,3,0.0,1.7222222222222223
0.0,10.0,0.0,9.933333333333334,0.0,10.0,2,0.0,9.977777777777778
9.083333333333334,7.805,9.55,8.75,9.765,10.0,2,9.466111111111111,8.851666666666667
0.0,8.030000000000001,9.8,10.0,10.0,10.0,0,6.6000000000000005,9.343333333333334
0.0,10.0,3.33,9.95,8.57,10.0,2,3.966666666666667,9.983333333333333
0.0,10.0,10.0,10.0,10.0,10.0,2,6.666666666666667,10.0
0.0,0.0,0.0,0.0,0.0,0.0,0,0.0,0.0
0.0,5.15,0.0,7.533333333333334,0.0,0.0,0,0.0,4.227777777777778
0.0,10.0,10.0,10.0,10.0,10.0,4,6.666666666666667,10.0
0.0,10.0,7.9175,10.0,0.0,0.0,0,2.6391666666666667,6.666666666666667
10.0,0.0,0.0,10.0,0.0,0.0,1,3.3333333333333335,3.3333333333333335
0.0,0.0,9.1675,7.5,0.0,10.0,0,3.0558333333333336,5.833333333333333
0.0,0.0,0.0,10.0,2.33,10.0,0,0.7766666666666667,6.666666666666667
0.0,0.0,0.0,10.0,0.0,0.0,0,0.0,3.3333333333333335
0.0,0.0,0.0,10.0,8.405000000000001,10.0,0,2.801666666666667,6.666666666666667
0.0,0.0,0.0,0.0,0.0,1.88,0,0.0,0.6266666666666666
0.0,0.0,0.0,0.0,9.285,0.0,0,3.095,0.0
0.0,0.0,0.0,0.0,0.0,0.0,0,0.0,0.0
